timestamp,open,high,low,close,vwap,volume,count
2025-10-20 08:00:00,4056.77,4071.1,4013.64,4036.88,4038.21,2207.8014559,2346
2025-10-20 12:00:00,4036.88,4049.0,4004.22,4005.95,4032.24,2892.12307538,3090
2025-10-20 16:00:00,4005.95,4005.95,3923.67,3981.36,3955.91,5704.39409043,4527
2025-10-20 20:00:00,3981.35,4003.93,3972.25,3981.32,3987.19,1239.13860556,5389
2025-10-21 00:00:00,3981.32,3984.96,3921.94,3925.77,3951.84,983.95104595,2240
2025-10-21 04:00:00,3925.78,3925.78,3842.0,3896.0,3872.36,3561.10169649,4124
2025-10-21 08:00:00,3896.0,3896.0,3855.0,3893.22,3875.02,1561.73710555,2012
2025-10-21 12:00:00,3893.22,4084.64,3856.55,4082.64,4004.15,8740.25650762,6871
2025-10-21 16:00:00,4082.71,4110.0,3969.0,3997.25,4061.79,9594.32138545,6175
2025-10-21 20:00:00,3997.81,4002.26,3859.99,3874.68,3920.48,2937.54697183,4092
2025-10-22 00:00:00,3874.69,3891.38,3822.14,3860.74,3848.1,3625.79987783,3743
2025-10-22 04:00:00,3861.41,3883.1,3840.42,3872.01,3860.12,2035.08257434,2211
2025-10-22 08:00:00,3872.01,3872.01,3768.75,3830.6,3820.51,2172.05240889,3422
2025-10-22 12:00:00,3830.6,3876.14,3776.79,3843.84,3828.05,5682.80471089,4591
2025-10-22 16:00:00,3843.85,3859.3,3784.83,3805.33,3827.1,3419.49425232,3733
2025-10-22 20:00:00,3803.81,3814.83,3708.51,3805.71,3763.5,6716.07516511,5385
2025-10-23 00:00:00,3805.71,3835.48,3797.77,3827.32,3822.6,1570.83382827,1860
2025-10-23 04:00:00,3827.32,3895.61,3823.72,3882.33,3867.42,2328.62356935,2242
2025-10-23 08:00:00,3882.33,3904.41,3862.5,3864.85,3883.49,1076.63438852,1899
2025-10-23 12:00:00,3864.85,3886.23,3811.39,3877.21,3851.02,2910.69988341,3556
2025-10-23 16:00:00,3878.0,3933.0,3848.45,3862.43,3890.86,3094.23835478,3644
2025-10-23 20:00:00,3862.43,3862.44,3823.15,3858.33,3843.14,1349.04181277,2372
2025-10-24 00:00:00,3858.34,3896.19,3850.0,3893.11,3880.9,1176.7792104,1981
2025-10-24 04:00:00,3893.11,3988.03,3888.8,3949.99,3965.98,4195.92053242,3439
2025-10-24 08:00:00,3950.0,3970.02,3929.62,3946.65,3946.88,1535.40355654,2004
2025-10-24 12:00:00,3947.02,4021.75,3875.0,3889.34,3948.57,5738.83250103,5600
2025-10-24 16:00:00,3889.68,3938.42,3867.52,3931.31,3898.67,1395.28401116,2924
2025-10-24 20:00:00,3927.6,3945.0,3925.44,3935.68,3932.05,1553.5705756,2111
2025-10-25 00:00:00,3935.68,3938.48,3914.34,3922.17,3928.79,432.52915276,1578
2025-10-25 04:00:00,3922.17,3960.64,3921.99,3929.06,3936.85,830.94008483,1359
2025-10-25 08:00:00,3929.06,3956.64,3928.45,3941.08,3943.42,1462.59843065,1325
2025-10-25 12:00:00,3941.08,3955.0,3925.58,3933.23,3942.67,918.62451206,1856
2025-10-25 16:00:00,3933.23,3968.91,3931.0,3957.87,3947.37,512.29794818,2455
2025-10-25 20:00:00,3957.86,3965.54,3938.06,3954.29,3952.22,2241.62001528,1866
2025-10-26 00:00:00,3954.29,3961.85,3916.74,3932.14,3927.51,2029.84205795,1806
2025-10-26 04:00:00,3932.13,3956.17,3929.88,3952.91,3941.51,1141.57757656,1062
2025-10-26 08:00:00,3952.91,4053.32,3950.98,4044.99,4003.76,1852.78221161,3199
2025-10-26 12:00:00,4044.74,4097.02,4043.1,4074.95,4069.22,3807.1796869,4270
2025-10-26 16:00:00,4074.95,4080.62,4047.26,4066.99,4063.13,3132.4440572,2637
2025-10-26 20:00:00,4067.0,4177.73,4055.98,4158.73,4130.42,9161.96164572,6358
2025-10-27 00:00:00,4158.83,4225.3,4149.63,4205.35,4190.36,3295.71866349,4499
2025-10-27 04:00:00,4205.36,4252.57,4195.21,4200.01,4222.27,2973.03356933,3970
2025-10-27 08:00:00,4200.01,4200.01,4135.0,4160.98,4167.15,4436.92156484,3726
2025-10-27 12:00:00,4160.98,4187.17,4122.6,4172.86,4154.24,1783.80585457,3630
2025-10-27 16:00:00,4172.86,4234.03,4172.86,4190.9,4210.65,4560.70756017,4705
2025-10-27 20:00:00,4192.26,4194.89,4095.47,4118.66,4133.07,7418.25623014,4325
2025-10-28 00:00:00,4118.66,4141.32,4071.98,4095.49,4111.03,2169.9323226,3195
2025-10-28 04:00:00,4095.5,4126.34,4068.28,4117.73,4092.77,1234.32848551,2180
2025-10-28 08:00:00,4116.75,4134.59,4105.47,4112.22,4117.95,1218.54765913,1627
2025-10-28 12:00:00,4112.23,4174.82,4074.36,4097.78,4130.48,3899.35398768,4651
2025-10-28 16:00:00,4096.85,4148.6,4029.79,4039.96,4063.91,10797.08922362,5285
2025-10-28 20:00:00,4040.37,4044.54,3926.42,3980.25,3985.51,11641.69640622,6953
2025-10-29 00:00:00,3980.15,4008.21,3965.49,3999.3,3987.25,900.02176047,2319
2025-10-29 04:00:00,3999.31,4035.79,3999.3,4025.35,4023.24,7138.6893019,2288
2025-10-29 08:00:00,4025.35,4026.31,3985.06,4013.73,4012.49,4950.54710086,2312
2025-10-29 12:00:00,4013.73,4028.65,3942.31,3951.71,3979.78,3991.23908272,3646
2025-10-29 16:00:00,3951.71,4018.97,3840.0,3904.5,3930.04,12938.57431805,9279
2025-10-29 20:00:00,3904.5,3964.29,3877.12,3902.54,3926.75,2760.17589374,3865
2025-10-30 00:00:00,3902.54,3948.66,3886.61,3935.97,3923.28,1244.85530104,2615
2025-10-30 04:00:00,3934.85,3943.02,3841.0,3940.01,3879.89,4471.54376252,4742
2025-10-30 08:00:00,3939.98,3939.99,3880.01,3882.84,3905.03,4097.19871955,3132
2025-10-30 12:00:00,3881.17,3884.49,3761.19,3773.9,3804.28,14707.40051543,9224
2025-10-30 16:00:00,3773.9,3801.09,3679.02,3690.35,3735.93,7412.78198109,7479
2025-10-30 20:00:00,3687.0,3805.6,3678.76,3802.67,3749.93,2959.97714035,4007
2025-10-31 00:00:00,3803.69,3857.4,3796.49,3828.07,3836.89,2557.94800557,3665
2025-10-31 04:00:00,3828.08,3870.92,3822.12,3823.76,3845.59,3931.27538217,3075
2025-10-31 08:00:00,3828.0,3878.07,3817.46,3873.97,3843.31,1900.30087997,2478
2025-10-31 12:00:00,3872.54,3884.29,3828.51,3861.56,3861.78,2216.37144537,4112
2025-10-31 16:00:00,3861.57,3900.0,3804.29,3886.0,3841.33,4087.84257916,5075
2025-10-31 20:00:00,3885.14,3889.52,3840.0,3846.73,3864.68,1117.74794056,2114
2025-11-01 00:00:00,3846.73,3860.94,3830.69,3859.73,3846.99,953.17662118,1650
2025-11-01 04:00:00,3859.74,3866.62,3850.53,3858.56,3856.93,990.8918267,1409
2025-11-01 08:00:00,3858.57,3879.06,3858.57,3875.03,3873.15,1437.87413081,1552
2025-11-01 12:00:00,3875.03,3878.69,3835.37,3870.09,3862.88,1817.92456282,1549
2025-11-01 16:00:00,3870.09,3870.09,3870.09,3870.09,0.0,0.0,0
2025-11-01 20:00:00,3872.09,3881.41,3863.27,3872.37,3871.09,861.77936931,1380
2025-11-02 00:00:00,3872.37,3882.78,3861.09,3879.22,3872.05,331.38371115,1383
2025-11-02 04:00:00,3879.22,3916.6,3875.61,3906.75,3898.07,657.18598301,1456
2025-11-02 08:00:00,3906.75,3906.98,3853.63,3890.0,3879.75,1087.71727959,1386
2025-11-02 12:00:00,3890.0,3890.0,3837.92,3853.0,3859.76,1369.85018681,1869
2025-11-02 16:00:00,3853.0,3865.6,3840.95,3855.0,3852.64,638.53819849,1673
2025-11-02 20:00:00,3855.36,3912.6,3844.99,3907.44,3880.99,2089.17197972,1849
2025-11-03 00:00:00,3906.81,3913.33,3730.0,3736.01,3814.73,3979.62762707,4294
2025-11-03 04:00:00,3736.21,3762.82,3685.0,3713.76,3730.61,4372.18648444,4682
2025-11-03 08:00:00,3712.72,3739.22,3664.98,3709.99,3701.36,4139.56770003,4646
2025-11-03 12:00:00,3710.92,3745.99,3582.66,3590.01,3654.49,8037.27817137,8925
2025-11-03 16:00:00,3590.01,3679.39,3561.22,3629.52,3633.61,7648.55451067,7597
2025-11-03 20:00:00,3630.22,3634.21,3558.19,3601.99,3593.82,12280.85984622,7167
2025-11-04 00:00:00,3601.99,3649.9,3566.58,3642.17,3619.23,11936.36624712,9271
2025-11-04 04:00:00,3642.01,3645.62,3470.93,3492.06,3528.01,10560.50114203,8656
2025-11-04 08:00:00,3492.06,3531.1,3460.0,3529.21,3488.37,3147.82060979,4033
2025-11-04 12:00:00,3529.21,3584.92,3472.0,3504.65,3528.36,5001.01967992,5890
2025-11-04 16:00:00,3505.73,3516.26,3224.14,3229.0,3353.17,19976.0626707,17021
2025-11-04 20:00:00,3228.82,3303.12,3058.27,3288.88,3184.73,24021.51137773,16421
2025-11-05 00:00:00,3286.58,3346.0,3168.13,3331.91,3270.24,7918.6616432,6628
2025-11-05 04:00:00,3331.91,3353.42,3306.22,3333.34,3328.07,5716.58140419,3393
2025-11-05 08:00:00,3331.2,3331.2,3273.65,3321.28,3300.98,1693.12906626,2956
2025-11-05 12:00:00,3321.29,3398.0,3311.8,3397.63,3352.08,5656.34452633,5324
2025-11-05 16:00:00,3397.65,3477.0,3371.01,3456.78,3416.6,13407.3131318,6533
2025-11-05 20:00:00,3456.29,3480.0,3409.53,3424.01,3442.45,4793.06003787,4545
2025-11-06 00:00:00,3424.01,3449.79,3377.0,3432.27,3404.98,1462.24538452,2807
2025-11-06 04:00:00,3432.3,3454.94,3364.82,3379.85,3407.95,2680.14713988,2298
2025-11-06 08:00:00,3379.12,3413.76,3366.52,3398.96,3391.17,990.40355174,2034
2025-11-06 12:00:00,3398.95,3402.4,3276.38,3299.04,3343.51,5620.33173128,5260
2025-11-06 16:00:00,3298.01,3350.94,3243.78,3323.5,3316.63,12676.08495378,5953
2025-11-06 20:00:00,3323.5,3335.6,3287.22,3313.54,3307.69,2980.74272461,3605
2025-11-07 00:00:00,3313.53,3363.63,3275.0,3345.39,3312.85,6769.80624225,3088
2025-11-07 04:00:00,3345.4,3366.6,3318.27,3356.29,3357.19,4464.34291123,2083
2025-11-07 08:00:00,3356.24,3358.85,3223.16,3260.2,3264.87,7316.05906418,3555
2025-11-07 12:00:00,3259.73,3313.33,3178.39,3295.06,3213.42,41971.12741979,28547
2025-11-07 16:00:00,3294.83,3447.69,3273.01,3441.93,3379.09,11268.63864202,7859
2025-11-07 20:00:00,3441.7,3488.32,3430.81,3433.9,3448.93,24861.67330668,13468
2025-11-08 00:00:00,3434.51,3463.71,3408.8,3452.4,3443.46,3583.16599844,3208
2025-11-08 04:00:00,3452.15,3485.22,3418.07,3445.93,3447.41,1196.56360032,1713
2025-11-08 08:00:00,3446.08,3467.07,3406.06,3411.92,3445.06,1233.40758021,1560
2025-11-08 12:00:00,3411.76,3416.34,3370.53,3374.0,3394.37,1965.24405133,2413
2025-11-08 16:00:00,3376.02,3406.21,3356.95,3388.22,3380.7,1101.79237955,2190
2025-11-08 20:00:00,3388.53,3413.2,3380.36,3400.21,3403.66,1393.85805765,1769
2025-11-09 00:00:00,3400.21,3401.36,3360.0,3374.51,3381.9,636.83508974,1435
2025-11-09 04:00:00,3374.69,3424.55,3370.17,3422.24,3390.17,2361.46659998,1361
2025-11-09 08:00:00,3422.3,3434.36,3381.98,3428.74,3416.74,818.73616037,1291
2025-11-09 12:00:00,3427.69,3561.0,3423.94,3515.0,3494.22,8964.92843168,4775
2025-11-09 16:00:00,3514.83,3580.0,3501.53,3580.0,3541.54,6260.00089053,5153
2025-11-09 20:00:00,3580.0,3621.0,3563.38,3584.2,3584.01,5255.34909112,4882
2025-11-10 00:00:00,3584.21,3658.0,3551.99,3626.96,3630.83,8658.89775925,4364
2025-11-10 04:00:00,3626.97,3630.87,3590.0,3609.32,3611.25,5240.93484028,2551
2025-11-10 08:00:00,3608.62,3628.9,3586.12,3608.13,3612.02,2318.40839994,2130
2025-11-10 12:00:00,3608.13,3621.81,3510.0,3518.72,3562.53,7162.58661591,4183
2025-11-10 16:00:00,3518.88,3575.73,3508.0,3557.13,3536.28,5144.6506891,3811
2025-11-10 20:00:00,3556.77,3582.26,3530.0,3565.64,3559.92,5342.16713254,3011
2025-11-11 00:00:00,3566.47,3644.2,3553.68,3605.0,3585.72,5346.61350371,3381
2025-11-11 04:00:00,3605.0,3608.77,3532.5,3543.67,3563.5,2639.33694511,2086
2025-11-11 08:00:00,3543.67,3585.26,3543.67,3573.25,3564.37,2763.68256583,1858
2025-11-11 12:00:00,3574.04,3592.61,3469.0,3482.54,3513.97,11283.79369738,4502
2025-11-11 16:00:00,3482.51,3500.4,3446.85,3455.92,3483.96,8357.68885177,3235
2025-11-11 20:00:00,3455.94,3460.3,3404.17,3414.42,3428.33,3577.04291279,3037
2025-11-12 00:00:00,3416.34,3454.14,3411.89,3438.27,3432.13,1726.69981841,1837
2025-11-12 04:00:00,3438.27,3456.66,3425.01,3426.24,3443.7,1074.7061283,1359
2025-11-12 08:00:00,3427.88,3566.95,3427.88,3549.01,3507.38,1936.43125639,2654
2025-11-12 12:00:00,3549.24,3586.3,3417.26,3428.92,3514.78,10092.99662527,5225
2025-11-12 16:00:00,3428.98,3453.1,3372.02,3408.56,3414.53,9681.61195709,6061
2025-11-12 20:00:00,3408.55,3438.37,3393.68,3413.51,3418.31,2327.16253398,2522
2025-11-13 00:00:00,3414.75,3475.21,3378.75,3454.0,3442.22,2706.56826431,3428
2025-11-13 04:00:00,3451.16,3561.69,3434.25,3539.25,3502.51,4559.64487219,3650
2025-11-13 08:00:00,3539.25,3547.01,3478.5,3503.49,3507.49,2686.91874596,2007
2025-11-13 12:00:00,3501.76,3509.61,3369.0,3386.16,3435.62,10615.84957408,4903
2025-11-13 16:00:00,3386.67,3398.04,3170.67,3195.29,3257.96,17274.13943678,9877
2025-11-13 20:00:00,3194.55,3269.12,3153.33,3230.34,3201.63,7025.0152638,5722
2025-11-14 00:00:00,3230.24,3248.5,3186.03,3224.0,3211.86,6313.8139009,5484
2025-11-14 04:00:00,3224.0,3239.23,3105.31,3213.01,3180.64,7248.94580168,6431
2025-11-14 08:00:00,3213.02,3216.84,3117.48,3140.75,3171.45,4078.26122652,3540
2025-11-14 12:00:00,3143.5,3230.91,3067.18,3193.09,3119.05,24048.459772,10502
2025-11-14 16:00:00,3193.09,3252.0,3153.14,3206.12,3189.79,8676.06079602,5649
2025-11-14 20:00:00,3206.13,3210.51,3087.37,3109.23,3143.27,8616.55307407,6284
2025-11-15 00:00:00,3109.81,3189.96,3109.81,3177.49,3158.14,1889.69887693,2363
2025-11-15 04:00:00,3177.5,3188.99,3158.49,3174.2,3175.62,3023.41848322,1895
2025-11-15 08:00:00,3174.2,3174.4,3132.74,3149.94,3147.54,1559.31720756,1806
2025-11-15 12:00:00,3150.04,3194.42,3145.55,3183.72,3175.33,1441.77313204,2042
2025-11-15 16:00:00,3184.08,3227.5,3162.9,3196.62,3194.51,3229.67769391,2891
2025-11-15 20:00:00,3196.63,3198.53,3150.8,3167.37,3173.21,2913.66419766,2235
2025-11-16 00:00:00,3167.37,3207.59,3129.2,3200.0,3163.82,2195.80607547,2507
2025-11-16 04:00:00,3200.0,3218.4,3186.25,3215.2,3201.9,1502.58085105,1798
2025-11-16 08:00:00,3217.3,3244.75,3156.28,3165.23,3207.07,5906.0836393,2425
2025-11-16 12:00:00,3166.02,3178.61,3097.07,3103.03,3142.92,4285.10920391,2942
2025-11-16 16:00:00,3102.76,3124.71,3025.0,3089.17,3077.47,12409.52909243,6475
2025-11-16 20:00:00,3089.26,3114.49,3003.32,3093.51,3064.96,3907.74681222,4104
2025-11-17 00:00:00,3092.44,3176.06,3067.01,3173.43,3134.93,2183.49772191,3467
2025-11-17 04:00:00,3174.11,3204.95,3163.5,3195.93,3185.9,1633.32170145,2354
2025-11-17 08:00:00,3196.12,3217.79,3177.81,3201.21,3195.05,1509.9877013,1990
2025-11-17 12:00:00,3201.22,3205.0,3094.3,3116.28,3148.11,4569.52572758,4747
2025-11-17 16:00:00,3116.28,3138.35,2970.0,2978.68,3030.32,14076.04579243,10236
2025-11-17 20:00:00,2978.69,3028.62,2955.78,3025.5,2996.95,10989.68220913,8131
2025-11-18 00:00:00,3026.65,3046.44,2941.02,3022.0,2996.24,9320.75850681,6308
2025-11-18 04:00:00,3022.0,3029.0,2957.45,3021.77,2998.94,4263.07741283,4134
2025-11-18 08:00:00,3021.78,3067.95,3021.78,3052.27,3053.49,3936.98816966,2876
2025-11-18 12:00:00,3054.71,3120.0,3021.02,3105.12,3085.65,9897.37992381,6340
2025-11-18 16:00:00,3104.59,3168.86,3099.0,3143.41,3147.01,10723.26705292,7904
2025-11-18 20:00:00,3143.41,3149.13,3095.34,3122.0,3121.14,5615.00287953,4757
2025-11-19 00:00:00,3121.81,3123.16,3078.71,3112.92,3097.65,1287.19147914,2257
2025-11-19 04:00:00,3107.38,3107.39,2990.12,3082.85,3047.02,5961.91347745,3766
2025-11-19 08:00:00,3083.08,3109.11,3053.92,3080.97,3086.36,1951.99546017,1732
2025-11-19 12:00:00,3081.16,3103.46,2964.66,2971.18,3015.79,8071.56981462,6679
2025-11-19 16:00:00,2971.18,2984.09,2870.83,2878.16,2903.73,18401.7148575,10610
2025-11-19 20:00:00,2878.31,3024.81,2871.62,3022.4,2955.03,16327.21386178,8344
2025-11-20 00:00:00,3022.4,3054.63,3002.39,3037.03,3032.63,2531.88890109,3323
2025-11-20 04:00:00,3036.47,3058.46,3004.38,3037.01,3033.44,2894.7774574,2551
2025-11-20 08:00:00,3037.01,3039.33,2991.03,3021.15,3008.46,1463.83101049,1966
2025-11-20 12:00:00,3021.15,3045.26,2950.0,2952.94,3003.17,6794.74204506,7062
2025-11-20 16:00:00,2952.66,2958.35,2788.37,2844.33,2844.82,18402.6227655,15800
2025-11-20 20:00:00,2844.3,2900.0,2817.01,2830.0,2851.99,11044.38512866,7467
2025-11-21 00:00:00,2830.95,2881.24,2770.63,2806.55,2816.9,4332.43505454,4393
2025-11-21 04:00:00,2806.31,2829.22,2656.0,2717.57,2734.96,11772.5010328,8288
2025-11-21 08:00:00,2716.51,2749.32,2660.36,2684.84,2705.99,6658.48282061,6359
2025-11-21 12:00:00,2684.87,2778.05,2621.08,2701.64,2716.54,10053.88430674,11148
2025-11-21 16:00:00,2702.0,2804.3,2673.34,2750.2,2753.34,10342.19716099,9829
2025-11-21 20:00:00,2750.0,2774.24,2708.15,2765.39,2745.36,2522.20868674,4653
2025-11-22 00:00:00,2765.39,2781.77,2737.46,2751.0,2763.57,1121.29757264,3325
2025-11-22 04:00:00,2750.56,2767.57,2725.01,2755.0,2743.51,728.0440515,2048
2025-11-22 08:00:00,2755.0,2755.0,2704.51,2733.38,2723.67,1177.57648589,1731
2025-11-22 12:00:00,2733.38,2750.0,2711.5,2737.59,2732.1,1122.48342709,2333
2025-11-22 16:00:00,2737.59,2757.79,2733.38,2750.06,2748.6,1329.19920377,2369
2025-11-22 20:00:00,2750.06,2797.32,2731.89,2767.09,2760.68,1483.9342478,2507
2025-11-23 00:00:00,2767.09,2831.65,2767.08,2822.66,2808.71,2091.42810418,3337
2025-11-23 04:00:00,2822.83,2850.23,2777.25,2792.37,2821.13,1663.08803704,2494
2025-11-23 08:00:00,2792.37,2820.09,2792.36,2813.5,2808.06,552.03548502,1668
2025-11-23 12:00:00,2813.5,2856.78,2810.0,2835.47,2831.53,2111.14290357,3004
2025-11-23 16:00:00,2835.28,2843.45,2785.28,2821.18,2813.83,2170.97718251,4010
2025-11-23 20:00:00,2821.19,2842.56,2793.93,2801.0,2823.79,3204.23482157,4226
2025-11-24 00:00:00,2801.0,2864.0,2762.75,2856.34,2822.76,2412.36683654,3883
2025-11-24 04:00:00,2856.34,2883.91,2801.75,2828.68,2849.69,1295.64562014,3148
2025-11-24 08:00:00,2828.29,2839.57,2788.07,2802.73,2799.87,1991.45683411,2397
2025-11-24 12:00:00,2802.73,2858.25,2785.17,2844.29,2823.44,4751.24487658,6041
2025-11-24 16:00:00,2844.73,2977.65,2843.56,2958.0,2919.42,8448.41251531,9483
2025-11-24 20:00:00,2958.0,2983.98,2948.0,2951.88,2966.26,3447.08757883,4453
2025-11-25 00:00:00,2951.88,2951.88,2904.36,2911.31,2929.01,3198.02423966,4231
2025-11-25 04:00:00,2911.31,2941.81,2902.54,2902.94,2923.45,1248.77664613,2234
2025-11-25 08:00:00,2902.94,2907.53,2866.13,2890.75,2889.0,1765.06293602,2002
2025-11-25 12:00:00,2890.75,2931.72,2856.2,2893.88,2898.15,8398.83917861,7089
2025-11-25 16:00:00,2894.08,2956.97,2872.5,2921.18,2920.82,3793.14635717,6513
2025-11-25 20:00:00,2921.38,2977.85,2906.26,2959.04,2946.63,3729.86539589,4512
2025-11-26 00:00:00,2959.04,2980.5,2920.14,2926.16,2954.21,2342.34230719,3390
2025-11-26 04:00:00,2926.16,2952.88,2920.57,2941.87,2936.8,1356.50317816,2479
2025-11-26 08:00:00,2943.09,2946.4,2902.27,2914.0,2914.75,1235.27995941,2612
2025-11-26 12:00:00,2914.01,2946.92,2888.11,2925.63,2918.1,9481.2131768,5717
2025-11-26 16:00:00,2925.63,3044.02,2925.41,3032.99,2997.12,10924.53331019,7098
2025-11-26 20:00:00,3032.99,3035.0,3009.17,3026.95,3024.17,2768.74754114,3338
2025-11-27 00:00:00,3026.95,3070.59,3005.54,3034.49,3045.75,3476.18076937,4018
2025-11-27 04:00:00,3034.49,3051.96,3018.18,3032.79,3030.73,1404.10612501,2271
2025-11-27 08:00:00,3032.79,3042.95,3019.72,3029.78,3027.61,1570.30570472,1935
2025-11-27 12:00:00,3029.78,3030.1,2986.2,3010.22,2999.73,2274.67590084,3335
2025-11-27 16:00:00,3010.22,3038.35,3005.83,3031.68,3022.52,917.30257432,2969
2025-11-27 20:00:00,3031.68,3043.18,3005.29,3014.85,3031.96,1010.86988531,2167
2025-11-28 00:00:00,3014.85,3021.2,2995.62,3009.34,3004.37,850.54624846,2401
2025-11-28 04:00:00,3009.35,3026.84,3001.2,3002.25,3015.19,655.77774977,1875
2025-11-28 08:00:00,3002.24,3074.48,3002.06,3035.59,3051.42,1311.10153214,3111
2025-11-28 12:00:00,3035.04,3097.0,3027.39,3075.13,3069.88,6313.66685351,5494
2025-11-28 16:00:00,3075.13,3075.13,3012.34,3050.18,3035.23,3061.84991324,5177
2025-11-28 20:00:00,3050.34,3059.6,3021.84,3032.32,3045.51,964.28297417,2722
2025-11-29 00:00:00,3032.33,3052.04,3018.28,3022.5,3031.5,1615.61608299,2342
2025-11-29 04:00:00,3022.5,3044.0,2992.51,3006.51,3012.73,1773.18443384,2815
2025-11-29 08:00:00,3006.51,3010.91,2985.0,3001.45,3000.09,704.48772155,1564
2025-11-29 12:00:00,3001.45,3013.5,2989.0,3008.45,2998.48,1009.0186958,2185
2025-11-29 16:00:00,3008.46,3011.03,2964.9,2989.52,2983.95,1472.83385048,3342
2025-11-29 20:00:00,2989.49,2999.81,2984.13,2990.01,2992.43,881.12576846,1942
2025-11-30 00:00:00,2990.01,3011.19,2977.36,3001.9,2997.16,693.82045904,2224
2025-11-30 04:00:00,3002.19,3008.93,2987.52,3006.34,2996.86,458.16337274,1383
2025-11-30 08:00:00,3006.34,3017.65,3001.0,3003.01,3007.85,661.0982757,1544
2025-11-30 12:00:00,3003.02,3052.2,3002.3,3028.66,3035.14,2179.89477877,2780
2025-11-30 16:00:00,3028.89,3049.19,3028.88,3032.72,3036.97,1499.38681638,2403
2025-11-30 20:00:00,3032.72,3041.0,2990.43,2991.95,3019.67,1927.28801534,3070
2025-12-01 00:00:00,2992.16,2996.68,2815.39,2827.29,2869.59,11243.75968004,10987
2025-12-01 04:00:00,2826.57,2843.52,2806.58,2841.06,2821.71,5812.84381786,3359
2025-12-01 08:00:00,2840.66,2853.19,2830.5,2838.52,2838.61,2019.92638685,2120
2025-12-01 12:00:00,2838.26,2838.26,2718.8,2745.41,2789.43,20194.2140985,8562
2025-12-01 16:00:00,2745.41,2757.08,2719.8,2739.53,2737.31,3885.07166648,4778
2025-12-01 20:00:00,2740.53,2818.0,2740.52,2799.79,2782.81,6023.56638859,4473
2025-12-02 00:00:00,2799.8,2823.22,2784.31,2804.77,2795.62,8183.07471147,3421
2025-12-02 04:00:00,2804.77,2816.27,2798.9,2806.83,2806.3,962.43864297,1738
2025-12-02 08:00:00,2805.99,2832.57,2784.43,2825.44,2805.3,1047.88661788,1828
2025-12-02 12:00:00,2825.44,3024.14,2818.22,3006.55,2925.73,6115.93574305,7939
2025-12-02 16:00:00,3006.57,3034.42,2986.78,3016.42,3012.76,6902.34609823,7023
2025-12-02 20:00:00,3016.42,3020.0,2975.18,2997.97,2997.25,2861.73840968,5077
2025-12-03 00:00:00,2997.97,3047.34,2986.81,3032.02,3017.21,2420.54609696,5042
2025-12-03 04:00:00,3032.03,3085.0,3030.97,3059.14,3062.07,2832.9758176,4758
2025-12-03 08:00:00,3059.14,3077.54,3046.0,3073.6,3061.54,1187.6508701,2703
2025-12-03 12:00:00,3073.6,3144.02,3031.27,3085.32,3090.95,11609.469414,9054
2025-12-03 16:00:00,3085.32,3141.36,3066.68,3128.84,3116.07,3675.77837231,5686
2025-12-03 20:00:00,3128.69,3213.0,3118.44,3189.39,3167.56,9111.16243981,7110
2025-12-04 00:00:00,3189.14,3239.96,3176.27,3210.68,3212.43,3288.77676085,5628
2025-12-04 04:00:00,3210.68,3218.84,3170.0,3190.65,3188.21,5257.60503982,3445
2025-12-04 08:00:00,3190.62,3208.63,3178.01,3186.71,3197.42,2004.18097319,2105
2025-12-04 12:00:00,3186.8,3225.46,3141.18,3211.01,3182.85,5704.89715422,4954
2025-12-04 16:00:00,3211.01,3224.15,3069.6,3120.22,3134.94,9283.04576936,8013
2025-12-04 20:00:00,3119.95,3150.98,3107.38,3133.94,3135.24,3493.35657407,4708
2025-12-05 00:00:00,3133.95,3192.73,3133.95,3170.12,3168.96,2353.82710155,3668
2025-12-05 04:00:00,3170.13,3183.28,3152.87,3173.41,3166.82,1191.51110705,3253
2025-12-05 08:00:00,3173.76,3173.82,3110.0,3132.5,3130.48,2806.47018314,3338
2025-12-05 12:00:00,3132.5,3159.75,3084.87,3106.39,3121.31,7544.28227198,6737
2025-12-05 16:00:00,3106.7,3107.0,2985.0,3038.57,3027.25,10295.41840552,9157
2025-12-05 20:00:00,3038.42,3049.75,3008.0,3023.8,3025.63,1723.88359731,3773
2025-12-06 00:00:00,3023.8,3045.64,3012.87,3040.66,3028.54,879.49412339,2454
2025-12-06 04:00:00,3040.66,3042.2,3025.84,3025.89,3034.78,538.76033923,1531
2025-12-06 08:00:00,3026.21,3041.48,3016.42,3039.5,3031.79,806.10583236,1850
2025-12-06 12:00:00,3039.51,3069.61,3027.61,3040.91,3045.47,1840.01869013,2854
2025-12-06 16:00:00,3040.91,3065.0,3026.77,3030.38,3048.99,1110.50769651,2816
2025-12-06 20:00:00,3030.38,3053.86,3029.0,3040.62,3036.03,753.76621944,2092
2025-12-07 00:00:00,3040.57,3055.78,3034.3,3055.21,3041.43,790.85974983,1978
2025-12-07 04:00:00,3055.22,3059.06,3032.78,3037.5,3046.73,555.62030113,1388
2025-12-07 08:00:00,3037.5,3043.91,3026.16,3037.82,3033.97,387.85993934,1008
2025-12-07 12:00:00,3037.82,3051.97,2914.0,3026.97,2971.82,6970.33777629,6713
2025-12-07 16:00:00,3027.94,3149.11,3002.38,3137.32,3097.58,5303.56710146,6717
2025-12-07 20:00:00,3137.46,3145.0,3013.71,3060.35,3090.25,3029.13817205,5208
2025-12-08 00:00:00,3060.19,3134.04,3042.24,3111.39,3096.68,3515.23119874,4878
2025-12-08 04:00:00,3111.03,3139.85,3109.77,3133.42,3125.21,2039.85981896,2919
2025-12-08 08:00:00,3133.43,3179.21,3126.13,3141.86,3155.68,3446.12761042,3440
2025-12-08 12:00:00,3142.24,3177.2,3090.82,3101.95,3123.64,6683.85022734,7004
2025-12-08 16:00:00,3101.95,3133.46,3077.25,3118.89,3112.05,5433.17454111,6445
2025-12-08 20:00:00,3118.89,3151.43,3113.9,3124.35,3133.96,1961.55325817,3985
2025-12-09 00:00:00,3124.35,3143.11,3091.74,3128.93,3109.38,1719.09260014,3754
2025-12-09 04:00:00,3128.94,3130.91,3096.74,3122.65,3115.07,1296.42654813,2806
2025-12-09 08:00:00,3122.51,3129.44,3094.28,3119.01,3111.04,1288.16621843,2411
2025-12-09 12:00:00,3119.01,3255.0,3099.31,3242.9,3174.26,6240.03934086,7867
2025-12-09 16:00:00,3245.44,3396.98,3245.23,3357.11,3350.99,24413.28839488,12855
2025-12-09 20:00:00,3357.85,3360.51,3285.11,3318.37,3322.58,7630.39796711,6570
2025-12-10 00:00:00,3318.37,3328.59,3289.82,3310.58,3305.14,2476.76856122,2900
2025-12-10 04:00:00,3310.01,3333.24,3307.22,3327.93,3322.03,1999.7370388,2398
2025-12-10 08:00:00,3327.53,3375.33,3300.0,3318.56,3330.91,3912.5811148,3978
2025-12-10 12:00:00,3319.12,3338.69,3304.11,3328.04,3320.53,4867.9126467,4194
2025-12-10 16:00:00,3328.04,3434.58,3321.08,3390.19,3379.23,18316.69525755,12306
2025-12-10 20:00:00,3390.38,3448.32,3320.83,3324.64,3376.95,12817.19664972,8702
2025-12-11 00:00:00,3324.8,3327.67,3168.82,3192.4,3246.66,7506.34552863,7935
2025-12-11 04:00:00,3192.12,3216.26,3182.11,3202.02,3201.66,4083.54222586,3393
2025-12-11 08:00:00,3201.91,3212.97,3179.64,3194.97,3195.67,3907.76577857,3084
2025-12-11 12:00:00,3194.22,3209.95,3146.51,3180.63,3179.02,7845.46917914,6034
2025-12-11 16:00:00,3179.66,3235.0,3155.98,3194.85,3203.3,11621.85038969,5814
2025-12-11 20:00:00,3194.85,3273.06,3194.32,3236.85,3236.27,5694.43834793,5166
2025-12-12 00:00:00,3237.17,3266.0,3187.3,3246.66,3227.66,2772.44435045,3496
2025-12-12 04:00:00,3246.67,3264.69,3233.63,3246.82,3251.66,1626.36033494,2166
2025-12-12 08:00:00,3247.38,3255.42,3227.59,3242.65,3240.09,4998.25219277,2559
2025-12-12 12:00:00,3242.65,3251.33,3056.01,3072.14,3153.26,7989.42175029,9842
2025-12-12 16:00:00,3072.1,3100.85,3046.15,3074.01,3079.86,9398.0386181,10718
2025-12-12 20:00:00,3074.01,3096.5,3068.27,3085.09,3089.83,4850.30333939,4214
2025-12-13 00:00:00,3085.23,3095.07,3078.83,3089.45,3085.66,1335.66471804,2055
2025-12-13 04:00:00,3089.46,3095.0,3085.39,3094.33,3091.42,595.2325158,1396
2025-12-13 08:00:00,3095.0,3135.0,3093.57,3120.0,3118.43,1399.07817379,2395
2025-12-13 12:00:00,3120.01,3127.18,3096.18,3110.81,3111.9,1153.09730537,2946
2025-12-13 16:00:00,3110.06,3116.78,3096.63,3109.16,3104.9,2775.40789342,2576
2025-12-13 20:00:00,3109.16,3119.8,3080.12,3115.15,3109.27,1851.26873133,2675
2025-12-14 00:00:00,3115.0,3129.0,3105.26,3119.12,3118.4,1205.67784608,2183
2025-12-14 04:00:00,3119.28,3121.87,3105.7,3115.5,3111.51,1505.50302982,1695
2025-12-14 08:00:00,3115.69,3120.06,3051.43,3085.07,3088.54,5073.8896742,3184
2025-12-14 12:00:00,3085.26,3107.57,3070.85,3084.12,3091.41,5412.05190902,3629
2025-12-14 16:00:00,3084.82,3107.31,3075.28,3094.49,3091.99,4960.53519542,4156
2025-12-14 20:00:00,3094.5,3097.78,3026.11,3062.77,3072.05,4977.32856165,5450
2025-12-15 00:00:00,3063.51,3149.99,3057.27,3108.56,3101.88,8765.6126186,8494
2025-12-15 04:00:00,3108.56,3144.24,3104.39,3129.93,3127.58,3891.9390625,2982
2025-12-15 08:00:00,3129.93,3175.7,3126.65,3157.15,3151.69,2204.35642613,2783
2025-12-15 12:00:00,3157.16,3158.0,2986.03,3011.06,3056.55,10747.48372908,10849
2025-12-15 16:00:00,3011.41,3016.78,2894.06,2940.02,2949.84,10198.71390944,11117
2025-12-15 20:00:00,2940.01,2968.17,2916.91,2964.51,2941.87,5194.51137098,5790
2025-12-16 00:00:00,2964.75,2977.69,2922.27,2936.26,2947.28,4430.27724958,5587
2025-12-16 04:00:00,2936.47,2950.22,2875.91,2923.36,2916.76,3419.14835883,4864
2025-12-16 08:00:00,2923.81,2964.06,2920.49,2957.14,2937.69,1813.87458407,3674
2025-12-16 12:00:00,2957.65,2980.81,2887.04,2962.44,2941.39,7507.66841672,8440
2025-12-16 16:00:00,2962.53,2966.98,2911.93,2945.46,2945.23,8229.06398711,6567
2025-12-16 20:00:00,2945.01,2964.87,2936.76,2961.9,2952.58,1576.22119172,3485
2025-12-17 00:00:00,2961.9,2972.23,2938.41,2946.67,2956.12,1595.6341637,3282
2025-12-17 04:00:00,2946.67,2953.25,2914.4,2946.98,2934.87,2224.87044521,3064
2025-12-17 08:00:00,2946.99,2946.99,2904.44,2927.0,2922.12,2451.30969677,2690
2025-12-17 12:00:00,2927.0,3028.78,2885.0,2903.1,2960.08,14640.64571187,11563
2025-12-17 16:00:00,2903.23,2924.82,2790.66,2819.25,2845.49,21232.23139593,12303
2025-12-17 20:00:00,2819.11,2836.01,2804.83,2833.01,2823.33,3662.07785838,5247
2025-12-18 00:00:00,2832.46,2846.39,2821.0,2830.84,2831.27,3592.32552031,3958
2025-12-18 04:00:00,2830.78,2840.27,2822.07,2834.82,2831.09,2171.04735793,3047
2025-12-18 08:00:00,2835.15,2862.29,2834.2,2857.25,2850.89,2875.88890596,2814
2025-12-18 12:00:00,2857.74,2993.92,2853.58,2963.7,2945.05,22618.93602327,10831
2025-12-18 16:00:00,2963.43,2965.42,2775.0,2781.5,2844.17,19196.67106833,11272
2025-12-18 20:00:00,2780.17,2835.27,2778.27,2826.65,2810.6,5753.27290372,5318
2025-12-19 00:00:00,2827.19,2933.86,2807.51,2905.78,2855.75,11830.20387278,7901
2025-12-19 04:00:00,2906.37,2980.44,2905.62,2949.76,2932.45,4916.72439123,4636
2025-12-19 08:00:00,2949.79,2968.97,2936.76,2963.19,2954.88,3422.39439114,3611
2025-12-19 12:00:00,2963.74,3016.58,2942.76,2964.25,2972.19,11107.73753878,7738
2025-12-19 16:00:00,2963.32,3005.64,2933.58,2983.67,2966.41,6226.97030183,7445
2025-12-19 20:00:00,2983.68,3000.0,2973.36,2977.94,2984.84,3464.5710075,4180
2025-12-20 00:00:00,2977.94,2992.0,2969.42,2987.52,2978.86,1769.62918074,2412
2025-12-20 04:00:00,2987.52,2988.42,2974.05,2980.88,2981.69,1849.93645109,2300
2025-12-20 08:00:00,2980.63,2987.67,2973.37,2984.73,2979.45,2436.4729304,2088
2025-12-20 12:00:00,2984.73,2991.04,2965.91,2975.6,2977.83,1889.89979261,2542
2025-12-20 16:00:00,2975.61,2979.99,2972.62,2976.82,2976.1,1281.60282252,1924
2025-12-20 20:00:00,2976.82,2984.02,2971.37,2977.08,2978.95,891.35946166,1724
2025-12-21 00:00:00,2977.08,2979.74,2961.36,2971.69,2970.14,2455.63388952,2023
2025-12-21 04:00:00,2971.69,2980.93,2971.43,2980.09,2975.19,1795.79783968,1466
2025-12-21 08:00:00,2980.1,3011.66,2977.44,2995.61,2996.28,1891.29569117,2509
2025-12-21 12:00:00,2995.62,3003.9,2944.28,2974.1,2967.21,4365.49441625,4321
2025-12-21 16:00:00,2974.1,2997.54,2967.53,2990.69,2981.86,10682.758235,3568
2025-12-21 20:00:00,2990.71,3012.11,2970.82,3001.35,2992.32,6400.88816444,3334
2025-12-22 00:00:00,3001.36,3058.61,2970.4,3020.54,3021.45,6507.46374031,6852
2025-12-22 04:00:00,3020.55,3041.12,3019.31,3029.44,3029.7,2462.78888123,3001
2025-12-22 08:00:00,3028.51,3057.37,3025.16,3048.74,3040.29,2882.97591046,3448
2025-12-22 12:00:00,3048.74,3075.51,3021.07,3050.6,3050.21,7388.89238437,8424
2025-12-22 16:00:00,3051.23,3057.82,2972.86,2980.45,3020.75,5004.82210371,5729
2025-12-22 20:00:00,2979.01,3013.49,2963.26,3007.03,2990.44,3611.88778491,4284
2025-12-23 00:00:00,3007.29,3032.8,2971.42,2990.86,3011.03,2355.79941791,3597
2025-12-23 04:00:00,2990.27,2997.06,2944.9,2962.67,2963.23,2845.51458567,3503
2025-12-23 08:00:00,2962.67,2972.88,2950.34,2971.95,2962.83,1549.08109039,2116
2025-12-23 12:00:00,2971.95,2971.95,2900.35,2927.0,2932.09,5009.24592598,6008
2025-12-23 16:00:00,2926.97,2964.57,2908.85,2942.33,2944.17,5535.51891171,5519
2025-12-23 20:00:00,2942.51,2985.14,2939.44,2963.44,2963.94,3651.52271633,4000
2025-12-24 00:00:00,2963.44,2976.12,2920.43,2943.82,2947.76,1755.87952469,3244
2025-12-24 04:00:00,2943.82,2956.22,2916.57,2930.37,2931.19,3047.31940147,3030
2025-12-24 08:00:00,2930.38,2937.28,2913.19,2923.71,2923.54,1313.75986344,2171
2025-12-24 12:00:00,2923.57,2936.76,2888.0,2923.66,2918.52,2904.15422488,3686
2025-12-24 16:00:00,2923.66,2951.44,2920.06,2943.44,2937.72,4635.62399684,3857
2025-12-24 20:00:00,2943.57,2960.0,2940.0,2945.49,2949.08,1770.15905655,1966
2025-12-25 00:00:00,2945.42,2954.43,2935.09,2945.31,2945.45,1060.7910227,1798
2025-12-25 04:00:00,2945.31,2945.35,2936.0,2939.99,2939.94,447.75874924,1282
2025-12-25 08:00:00,2940.0,2943.3,2911.16,2923.02,2924.78,1697.89655806,1845
2025-12-25 12:00:00,2923.02,2968.66,2918.94,2958.04,2941.41,1646.26972499,2326
2025-12-25 16:00:00,2959.32,2964.4,2941.88,2954.37,2954.33,1099.6356182,2222
2025-12-25 20:00:00,2954.38,2954.46,2890.0,2902.89,2915.76,2522.43872397,3343
2025-12-26 00:00:00,2902.88,2990.83,2893.78,2962.61,2950.81,4599.11049939,4834
2025-12-26 04:00:00,2962.61,2989.96,2951.19,2955.13,2971.83,8731.57506321,3627
2025-12-26 08:00:00,2954.84,2973.06,2953.81,2962.87,2965.93,1733.13052958,1877
2025-12-26 12:00:00,2962.87,2983.67,2893.72,2919.95,2939.99,3331.62472734,4781
2025-12-26 16:00:00,2921.63,2931.23,2905.01,2923.32,2920.56,2965.63143413,3373
2025-12-26 20:00:00,2923.32,2935.33,2919.15,2925.71,2928.25,765.5082928,2265
2025-12-27 00:00:00,2925.72,2931.27,2920.72,2931.27,2926.32,1026.58828112,1708
2025-12-27 04:00:00,2931.27,2935.63,2926.04,2930.93,2929.83,488.72062067,1477
2025-12-27 08:00:00,2930.94,2937.95,2916.41,2929.24,2926.59,1063.82685081,1781
2025-12-27 12:00:00,2929.24,2931.74,2924.36,2925.0,2927.13,979.6762356,1725
2025-12-27 16:00:00,2925.01,2928.79,2916.37,2928.79,2923.48,1721.28221729,2212
2025-12-27 20:00:00,2928.79,2958.0,2926.57,2947.1,2942.01,1462.10219196,2415
2025-12-28 00:00:00,2946.85,2948.78,2939.26,2941.87,2944.17,759.18639677,1649
2025-12-28 04:00:00,2941.49,2944.55,2928.55,2935.85,2937.14,1198.98870787,1927
2025-12-28 08:00:00,2935.85,2944.52,2930.0,2941.35,2939.38,1285.14436046,1635
2025-12-28 12:00:00,2941.36,2957.25,2936.0,2947.33,2943.72,1488.5486193,2306
2025-12-28 16:00:00,2947.44,2952.18,2923.7,2931.21,2934.4,2729.97477133,3273
2025-12-28 20:00:00,2931.08,2952.38,2926.66,2948.59,2938.53,1334.37482902,2723
2025-12-29 00:00:00,2948.91,3043.89,2942.7,3040.54,2998.52,10548.19432412,7134
2025-12-29 04:00:00,3040.54,3053.42,3003.59,3016.5,3029.89,4702.74999709,4557
2025-12-29 08:00:00,3016.51,3021.87,2953.81,2956.69,2988.62,3086.8224251,3659
2025-12-29 12:00:00,2956.69,2961.49,2907.38,2932.76,2935.63,7376.10343835,5919
2025-12-29 16:00:00,2932.76,2942.37,2910.48,2928.98,2931.52,9821.409758,5018
2025-12-29 20:00:00,2929.14,2940.8,2922.53,2934.84,2931.19,2117.68045002,2644
2025-12-30 00:00:00,2934.31,2951.79,2915.54,2946.99,2934.56,2276.27531794,2791
2025-12-30 04:00:00,2947.0,2953.93,2933.72,2947.49,2946.25,685.60969235,1895
2025-12-30 08:00:00,2947.49,2999.07,2946.9,2974.55,2979.01,7617.03513607,3323
2025-12-30 12:00:00,2974.55,3004.08,2955.5,2986.22,2975.95,9899.99010467,4348
2025-12-30 16:00:00,2986.67,2990.0,2941.96,2968.51,2976.4,9377.35660737,4600
2025-12-30 20:00:00,2968.51,2971.59,2951.99,2970.49,2964.11,3191.97895994,2917
2025-12-31 00:00:00,2970.31,2980.75,2958.7,2966.87,2970.5,1196.68039408,2640
2025-12-31 04:00:00,2967.01,2975.35,2964.69,2972.44,2970.84,853.72211752,1964
2025-12-31 08:00:00,2972.44,2999.0,2960.11,2999.0,2981.42,3016.28948452,2535
2025-12-31 12:00:00,2998.14,3023.0,2963.64,2980.48,2987.58,4246.96897142,4748
2025-12-31 16:00:00,2980.74,2992.72,2955.79,2966.66,2972.64,4452.44014969,4796
2025-12-31 20:00:00,2966.6,2979.2,2958.98,2967.13,2967.37,3112.57338754,3092
2026-01-01 00:00:00,2967.13,2983.96,2967.13,2974.64,2977.6,1338.4705936,2183
2026-01-01 04:00:00,2974.65,2978.49,2967.9,2972.85,2974.1,819.47374413,1681
2026-01-01 08:00:00,2972.85,2987.54,2972.84,2984.9,2980.5,455.2057561,1282
2026-01-01 12:00:00,2984.62,2990.26,2973.74,2985.62,2980.32,770.65476764,1895
2026-01-01 16:00:00,2985.62,3000.69,2976.43,2990.09,2985.38,2425.95294395,3044
2026-01-01 20:00:00,2990.09,3006.0,2983.74,2999.8,2991.02,3442.39834066,2799
2026-01-02 00:00:00,3000.22,3030.07,2989.3,3018.91,3004.88,2342.20102758,3745
2026-01-02 04:00:00,3018.7,3033.0,3004.81,3014.57,3027.41,3706.72616819,2494
2026-01-02 08:00:00,3014.12,3064.86,3012.37,3044.45,3041.92,5258.68411687,3523
2026-01-02 12:00:00,3044.45,3106.13,3018.5,3084.08,3070.54,9731.36119507,6936
2026-01-02 16:00:00,3084.09,3147.65,3077.58,3121.85,3120.68,7574.30693297,6579
2026-01-02 20:00:00,3122.35,3143.16,3109.71,3124.04,3124.12,4840.53414249,3175
2026-01-03 00:00:00,3124.04,3135.3,3118.07,3124.33,3126.3,5199.64903661,5876
2026-01-03 04:00:00,3124.19,3126.2,3075.13,3088.4,3102.4,2654.82486446,2520
2026-01-03 08:00:00,3089.06,3108.94,3083.45,3097.6,3096.58,1614.68493207,1996
2026-01-03 12:00:00,3096.77,3113.31,3092.0,3099.0,3102.08,2083.4001434,2155
2026-01-03 16:00:00,3099.01,3116.23,3096.44,3110.53,3109.39,2432.63168097,2491
2026-01-03 20:00:00,3110.54,3128.52,3106.0,3125.5,3116.13,1652.55700322,2064
2026-01-04 00:00:00,3125.5,3164.79,3125.23,3146.36,3147.65,3783.53376472,3333
2026-01-04 04:00:00,3146.23,3160.0,3132.64,3139.54,3146.72,1515.30995506,2185
2026-01-04 08:00:00,3139.84,3146.13,3124.19,3137.11,3137.27,1179.33002052,1646
2026-01-04 12:00:00,3137.77,3144.94,3116.41,3133.94,3130.86,2388.60589774,2281
2026-01-04 16:00:00,3133.94,3141.38,3118.26,3131.12,3134.37,1428.04469544,2421
2026-01-04 20:00:00,3131.13,3154.02,3129.8,3143.42,3144.12,1457.58732123,2384
2026-01-05 00:00:00,3143.18,3218.0,3143.1,3184.2,3178.24,4416.62296902,5377
2026-01-05 04:00:00,3184.2,3186.65,3133.98,3156.01,3158.7,1826.15974024,3126
2026-01-05 08:00:00,3156.01,3181.48,3151.36,3178.81,3161.01,3137.05530274,2499
2026-01-05 12:00:00,3178.81,3202.93,3134.18,3194.99,3168.55,8021.6893172,4457
2026-01-05 16:00:00,3194.44,3228.58,3159.91,3222.55,3201.29,5120.4969606,5872
2026-01-05 20:00:00,3222.56,3264.6,3220.13,3224.67,3241.04,9122.47325808,5497
2026-01-06 00:00:00,3224.83,3246.31,3203.16,3224.25,3219.89,3203.49415062,4012
2026-01-06 04:00:00,3224.56,3252.25,3210.91,3217.84,3229.39,2185.84821828,3062
2026-01-06 08:00:00,3217.84,3240.99,3213.01,3236.94,3226.32,1073.47001247,1991
2026-01-06 12:00:00,3236.75,3308.21,3228.15,3270.85,3278.05,10270.6658473,6359
2026-01-06 16:00:00,3271.12,3278.23,3181.17,3222.11,3235.93,6114.22383678,5949
2026-01-06 20:00:00,3221.65,3299.18,3221.65,3295.29,3267.73,3712.83111339,4243
2026-01-07 00:00:00,3295.36,3295.36,3238.27,3264.27,3262.69,1971.18632661,2965
2026-01-07 04:00:00,3264.75,3268.71,3245.38,3252.64,3253.18,667.36889887,1829
2026-01-07 08:00:00,3252.65,3260.66,3193.42,3218.58,3217.39,1893.96477588,2875
2026-01-07 12:00:00,3218.23,3225.88,3142.58,3161.81,3174.74,5563.20963852,4711
2026-01-07 16:00:00,3161.92,3175.79,3123.0,3142.29,3146.61,5712.23792755,4619
2026-01-07 20:00:00,3142.11,3177.39,3125.45,3166.37,3154.46,3280.09058056,3425
2026-01-08 00:00:00,3166.38,3180.0,3130.26,3139.15,3157.48,3784.33490557,3308
2026-01-08 04:00:00,3139.15,3157.17,3086.73,3123.54,3115.01,5210.31887257,4064
2026-01-08 08:00:00,3123.61,3132.33,3093.73,3116.92,3116.93,1196.1855695,2524
2026-01-08 12:00:00,3116.93,3116.93,3050.33,3100.21,3077.26,4311.85914402,5139
2026-01-08 16:00:00,3100.69,3135.65,3087.59,3108.34,3113.01,3457.98113126,3852
2026-01-08 20:00:00,3108.34,3126.4,3085.78,3103.77,3104.02,3320.65695027,3437
2026-01-09 00:00:00,3103.83,3145.45,3078.49,3116.59,3109.51,3187.69629496,3417
2026-01-09 04:00:00,3116.6,3120.88,3107.48,3108.8,3114.51,752.42217538,1751
2026-01-09 08:00:00,3107.24,3111.0,3063.73,3086.57,3092.22,1926.64872201,2596
2026-01-09 12:00:00,3086.65,3139.42,3056.63,3108.22,3100.19,5633.83889327,5044
2026-01-09 16:00:00,3108.42,3141.26,3066.0,3076.75,3110.26,6101.71075888,4525
2026-01-09 20:00:00,3076.76,3088.85,3062.92,3084.39,3077.98,4776.45586425,2589
2026-01-10 00:00:00,3084.39,3089.6,3076.0,3082.45,3081.11,1121.1484349,1527
2026-01-10 04:00:00,3082.45,3088.64,3075.27,3088.4,3083.38,297.15697576,1433
2026-01-10 08:00:00,3088.41,3099.28,3082.87,3091.97,3090.78,886.8311149,1472
2026-01-10 12:00:00,3091.97,3098.37,3085.75,3091.51,3091.18,424.98232665,1498
2026-01-10 16:00:00,3091.42,3094.95,3087.44,3087.45,3090.4,2336.04148371,1888
2026-01-10 20:00:00,3087.45,3089.04,3074.11,3081.4,3082.76,764.94866996,1697
2026-01-11 00:00:00,3081.4,3093.33,3080.42,3093.33,3087.52,468.60937289,1584
2026-01-11 04:00:00,3093.33,3097.19,3086.14,3090.81,3094.3,3041.91121798,1794
2026-01-11 08:00:00,3090.81,3104.96,3089.17,3100.58,3099.8,1077.70649101,1379
2026-01-11 12:00:00,3100.58,3125.99,3100.58,3113.4,3111.05,1286.62792292,2067
2026-01-11 16:00:00,3113.83,3142.42,3111.89,3120.6,3126.68,5687.94900582,2885
2026-01-11 20:00:00,3119.71,3121.17,3088.18,3118.03,3106.19,8355.90693615,3538
2026-01-12 00:00:00,3118.54,3166.62,3094.17,3148.05,3140.07,2902.38643903,3695
2026-01-12 04:00:00,3148.05,3162.36,3129.86,3130.78,3150.03,2441.70208338,2316
2026-01-12 08:00:00,3130.75,3142.47,3096.98,3112.0,3115.72,3984.82873056,2501
2026-01-12 12:00:00,3112.01,3128.78,3061.56,3127.01,3094.14,9909.56014134,5579
2026-01-12 16:00:00,3127.01,3143.5,3082.21,3118.55,3110.5,7177.58305454,4875
2026-01-12 20:00:00,3118.56,3124.76,3082.66,3091.93,3098.39,1988.11554296,2816
2026-01-13 00:00:00,3091.93,3114.22,3088.58,3112.14,3103.12,5157.86164766,2734
2026-01-13 04:00:00,3112.14,3141.34,3108.7,3119.01,3129.75,1920.90606533,2495
2026-01-13 08:00:00,3119.02,3144.65,3118.37,3130.36,3137.29,1474.75017657,1617
2026-01-13 12:00:00,3130.36,3185.55,3127.01,3182.44,3149.74,8784.26699588,5113
2026-01-13 16:00:00,3182.1,3243.88,3170.03,3214.96,3186.83,14125.3256386,6825
2026-01-13 20:00:00,3214.96,3374.84,3189.33,3323.63,3291.05,11700.89977021,10392
2026-01-14 00:00:00,3323.57,3356.87,3313.59,3349.74,3331.22,4301.55489566,4264
2026-01-14 04:00:00,3349.75,3362.23,3320.88,3334.18,3334.91,3415.19985245,3277
2026-01-14 08:00:00,3334.18,3340.92,3281.44,3283.71,3311.32,7958.39172296,3890
2026-01-14 12:00:00,3283.72,3360.8,3279.18,3345.03,3324.06,7669.39521453,6397
2026-01-14 16:00:00,3345.03,3402.64,3315.94,3366.74,3360.96,15616.55865059,11055
2026-01-14 20:00:00,3367.2,3392.38,3348.09,3354.58,3372.62,10009.88976528,5935
2026-01-15 00:00:00,3354.59,3355.5,3277.35,3285.64,3314.38,5419.30403533,4797
2026-01-15 04:00:00,3285.15,3333.69,3283.56,3328.42,3315.07,2634.50581773,2819
2026-01-15 08:00:00,3329.03,3376.34,3321.27,3348.22,3355.36,2458.5968572,2731
2026-01-15 12:00:00,3348.42,3382.71,3284.72,3330.78,3339.73,4600.60238526,5397
2026-01-15 16:00:00,3329.65,3336.5,3272.92,3294.38,3304.17,5915.68931166,4721
2026-01-15 20:00:00,3294.36,3321.97,3276.9,3317.62,3295.56,5492.33551756,3615
2026-01-16 00:00:00,3317.62,3325.9,3290.82,3293.75,3305.8,2016.57159397,2570
2026-01-16 04:00:00,3293.75,3315.44,3276.23,3308.03,3298.65,2406.01961141,2652
2026-01-16 08:00:00,3308.04,3318.23,3292.77,3300.6,3305.28,1159.37287444,1975
2026-01-16 12:00:00,3300.8,3317.58,3251.53,3262.83,3280.67,4767.05140016,4958
2026-01-16 16:00:00,3262.91,3286.8,3258.5,3274.92,3276.75,5409.37022488,4010
2026-01-16 20:00:00,3274.69,3298.0,3262.18,3295.01,3286.39,2146.05989806,3260
2026-01-17 00:00:00,3295.01,3295.62,3283.21,3288.15,3289.62,1236.41317275,1827
2026-01-17 04:00:00,3288.15,3292.84,3284.7,3289.88,3288.52,855.53127022,1401
2026-01-17 08:00:00,3289.88,3305.01,3288.01,3302.18,3302.77,6175.71528358,2845
2026-01-17 12:00:00,3302.18,3328.38,3298.76,3328.38,3317.7,2537.77239228,2245
2026-01-17 16:00:00,3328.38,3328.38,3311.33,3314.38,3316.54,7258.60326344,2645
2026-01-17 20:00:00,3314.39,3317.98,3296.0,3308.93,3307.52,1356.59396541,2062
2026-01-18 00:00:00,3308.93,3317.19,3295.37,3314.58,3304.07,1086.03903531,2080
2026-01-18 04:00:00,3314.58,3316.37,3305.01,3305.82,3312.33,617.53670914,1551
2026-01-18 08:00:00,3306.24,3324.74,3302.16,3321.09,3317.59,790.68599313,1357
2026-01-18 12:00:00,3321.1,3344.99,3312.98,3332.32,3330.82,1262.68228063,2108
2026-01-18 16:00:00,3332.32,3367.0,3328.51,3345.09,3348.48,2500.73423847,3417
2026-01-18 20:00:00,3345.34,3354.2,3277.46,3282.62,3313.17,3375.182121,3981
2026-01-19 00:00:00,3281.96,3281.96,3174.44,3210.93,3215.57,10529.42508339,10189
2026-01-19 04:00:00,3210.6,3215.24,3187.1,3205.28,3203.24,2686.25810831,3223
2026-01-19 08:00:00,3205.28,3228.99,3196.27,3221.72,3213.02,2962.60361449,2563
2026-01-19 12:00:00,3221.73,3233.93,3202.0,3214.22,3215.21,3446.90504822,2377
2026-01-19 16:00:00,3214.22,3224.5,3206.66,3218.06,3216.41,3209.46587158,2614
2026-01-19 20:00:00,3218.06,3223.23,3163.19,3187.31,3189.43,9909.65684224,4246
2026-01-20 00:00:00,3187.28,3198.01,3174.01,3185.69,3186.39,3180.02485095,3668
2026-01-20 04:00:00,3186.36,3186.77,3107.17,3120.97,3138.51,11032.11299707,5498
2026-01-20 08:00:00,3119.8,3119.8,3082.0,3106.61,3098.83,9030.30847636,4600
2026-01-20 12:00:00,3106.6,3110.99,2992.32,3029.3,3049.84,10121.7500517,9037
2026-01-20 16:00:00,3029.3,3039.09,2976.66,2992.58,2998.44,6730.45995199,7342
2026-01-20 20:00:00,2992.59,3003.0,2910.0,2936.29,2949.15,9706.28224818,6911
2026-01-21 00:00:00,2936.29,2980.0,2919.01,2977.81,2954.74,10492.6690651,8161
2026-01-21 04:00:00,2977.82,2996.67,2963.83,2967.61,2974.63,11982.02653382,4117
2026-01-21 08:00:00,2967.61,2971.77,2936.08,2941.31,2957.87,1568.40583177,2676
2026-01-21 12:00:00,2940.21,3022.98,2900.11,2999.74,2963.78,10970.17301903,8567
2026-01-21 16:00:00,2999.75,3067.1,2864.1,3052.69,2943.58,17812.77506798,12300
2026-01-21 20:00:00,3052.69,3054.68,2970.0,2979.9,3018.53,4519.87922508,5931
2026-01-22 00:00:00,2979.54,3034.21,2978.33,3011.09,3010.59,1926.07608722,4251
2026-01-22 04:00:00,3011.09,3024.55,2998.17,2998.37,3008.34,1634.95964758,2369
2026-01-22 08:00:00,2998.38,3013.34,2975.81,2984.32,2993.68,1326.31350977,2375
2026-01-22 12:00:00,2984.32,3006.34,2903.92,2940.51,2949.33,5026.15220818,6097
2026-01-22 16:00:00,2939.8,2969.23,2921.89,2951.41,2948.89,2822.46427184,4440
2026-01-22 20:00:00,2951.05,2955.09,2928.12,2948.85,2943.47,2106.13017179,3327
2026-01-23 00:00:00,2949.42,2968.53,2943.5,2961.48,2956.12,1733.13271027,2998
2026-01-23 04:00:00,2960.95,2979.99,2931.81,2945.24,2950.24,8499.0641276,3500
2026-01-23 08:00:00,2945.18,2946.97,2911.41,2936.89,2928.96,2258.4799969,3043
2026-01-23 12:00:00,2936.83,2960.38,2888.29,2948.72,2920.29,2898.19487423,4832
2026-01-23 16:00:00,2948.72,3015.33,2936.13,2955.71,2976.4,7314.10366549,7125
2026-01-23 20:00:00,2955.72,2959.64,2927.11,2953.01,2943.46,2013.71227759,3199
2026-01-24 00:00:00,2953.01,2965.72,2945.97,2958.28,2954.99,1030.3319816,1842
2026-01-24 04:00:00,2958.29,2962.14,2950.02,2953.06,2957.24,1332.95027474,1613
2026-01-24 08:00:00,2952.75,2959.92,2950.48,2956.61,2956.19,505.25237421,1020
2026-01-24 12:00:00,2956.62,2963.28,2940.13,2952.92,2954.63,1491.34534158,1844
2026-01-24 16:00:00,2952.93,2964.05,2947.65,2950.02,2958.11,1473.84151444,1993
2026-01-24 20:00:00,2950.02,2959.85,2945.38,2948.77,2951.68,1324.97649599,1992
2026-01-25 00:00:00,2948.77,2955.55,2933.92,2938.45,2946.25,1406.25260734,1734
2026-01-25 04:00:00,2938.06,2944.61,2930.27,2934.9,2938.89,1514.25263002,1801
2026-01-25 08:00:00,2934.9,2942.86,2918.0,2932.91,2930.94,3969.69424664,2336
2026-01-25 12:00:00,2932.91,2939.79,2918.74,2922.79,2929.69,2587.51256617,1983
2026-01-25 16:00:00,2922.8,2923.49,2794.97,2809.99,2863.74,14852.12446432,11591
2026-01-25 20:00:00,2809.99,2822.47,2784.3,2814.76,2804.58,6633.17969588,7186
2026-01-26 00:00:00,2814.54,2894.36,2809.92,2845.66,2852.59,5518.9380256,4690
2026-01-26 04:00:00,2845.67,2906.8,2845.67,2899.94,2875.87,2251.30584087,2808
2026-01-26 08:00:00,2900.7,2930.17,2877.79,2888.76,2900.86,2911.65164058,2936
2026-01-26 12:00:00,2889.11,2946.79,2873.2,2896.33,2908.06,6375.84950221,5612
2026-01-26 16:00:00,2896.15,2932.99,2883.54,2919.84,2907.52,5270.45545401,5323
2026-01-26 20:00:00,2919.84,2941.84,2893.37,2926.63,2920.19,5112.95491531,3958
2026-01-27 00:00:00,2926.64,2944.5,2909.32,2936.15,2929.18,1919.6507563,2628
2026-01-27 04:00:00,2936.79,2953.08,2920.86,2925.36,2933.94,1232.42429554,1935
2026-01-27 08:00:00,2925.36,2928.37,2896.11,2913.45,2910.87,1552.06224151,1813
2026-01-27 12:00:00,2913.45,2939.19,2902.27,2933.71,2920.5,5301.95222032,3673
2026-01-27 16:00:00,2933.71,2994.04,2915.11,2975.96,2960.66,5847.05529233,6954
2026-01-27 20:00:00,2975.97,3030.78,2974.83,3022.12,3008.66,11567.77517943,6298
2026-01-28 00:00:00,3022.19,3024.89,2992.44,3000.82,3011.2,2896.66066922,2417
2026-01-28 04:00:00,3000.83,3013.24,2988.91,2999.99,3001.29,3122.71508755,2179
2026-01-28 08:00:00,3000.0,3040.31,2981.98,3035.71,2999.21,12436.64939608,4038
2026-01-28 12:00:00,3035.13,3040.36,2979.32,3003.41,3017.08,3516.79984674,4430
2026-01-28 16:00:00,3003.41,3026.72,2985.66,3013.58,3009.94,7912.09350829,6138
2026-01-28 20:00:00,3012.54,3033.58,2992.0,3006.19,3010.82,2428.85353483,3461
2026-01-29 00:00:00,3006.13,3007.84,2941.09,2948.14,2971.87,2898.39663669,4186
2026-01-29 04:00:00,2947.87,2960.31,2933.31,2956.43,2949.98,2396.57023965,2702
2026-01-29 08:00:00,2956.88,2964.49,2919.73,2924.52,2936.93,3196.22526374,3279
2026-01-29 12:00:00,2924.29,2934.36,2792.46,2819.46,2858.41,8283.2539489,9867
2026-01-29 16:00:00,2819.59,2855.7,2750.67,2792.18,2801.06,12672.83603676,12908
2026-01-29 20:00:00,2792.27,2822.85,2784.73,2817.93,2804.58,6395.31829998,7360
2026-01-30 00:00:00,2817.64,2823.79,2680.0,2736.28,2742.61,14038.10201594,12570
2026-01-30 04:00:00,2736.29,2769.24,2693.63,2736.2,2730.33,5054.81550531,5221
2026-01-30 08:00:00,2736.21,2763.5,2706.62,2755.08,2727.62,4153.45219008,3908
2026-01-30 12:00:00,2755.09,2761.16,2689.37,2725.83,2728.34,8701.5010733,8374
2026-01-30 16:00:00,2725.21,2757.5,2631.54,2738.62,2706.38,11293.93252366,11897
2026-01-30 20:00:00,2738.62,2738.62,2661.27,2702.42,2690.62,6797.80910896,6922
2026-01-31 00:00:00,2702.42,2710.35,2680.03,2691.53,2701.04,4015.79978375,3463
2026-01-31 04:00:00,2691.53,2700.49,2663.88,2674.43,2677.68,3321.77870961,2958
2026-01-31 08:00:00,2674.88,2678.83,2605.22,2636.04,2635.05,6023.73496237,5751
2026-01-31 12:00:00,2635.94,2639.7,2508.0,2530.37,2567.07,13984.83835477,12025
2026-01-31 16:00:00,2530.35,2546.71,2230.0,2380.01,2394.0,40370.57041066,28394
2026-01-31 20:00:00,2380.01,2471.85,2352.08,2448.6,2407.81,7930.10092824,8401
2026-02-01 00:00:00,2449.17,2473.24,2427.54,2442.22,2449.2,4185.29614406,5141
2026-02-01 04:00:00,2442.77,2451.51,2390.93,2408.38,2421.31,3578.36868333,3962
2026-02-01 08:00:00,2408.38,2436.5,2375.0,2409.99,2410.31,4275.43437026,4399
2026-02-01 12:00:00,2409.94,2409.94,2285.0,2312.26,2349.2,10633.12069357,9049
2026-02-01 16:00:00,2313.36,2374.56,2281.87,2318.31,2324.03,7961.84663326,8668
2026-02-01 20:00:00,2318.21,2346.6,2220.0,2267.31,2283.87,12159.40840646,11841
2026-02-02 00:00:00,2268.18,2321.21,2163.41,2236.89,2246.13,16837.39314704,16975
2026-02-02 04:00:00,2236.6,2266.82,2155.79,2226.12,2212.1,13362.37984364,13343
2026-02-02 08:00:00,2226.16,2315.31,2226.16,2279.08,2278.14,9293.77186677,7884
2026-02-02 12:00:00,2280.0,2394.3,2280.0,2370.59,2332.48,18071.02732018,10951
2026-02-02 16:00:00,2371.11,2385.37,2325.63,2330.09,2359.86,11381.87455109,7307
2026-02-02 20:00:00,2330.07,2353.35,2311.51,2344.99,2335.55,5670.75991186,6321
2026-02-03 00:00:00,2344.83,2357.83,2283.13,2341.4,2314.79,8697.33825255,5092
2026-02-03 04:00:00,2341.59,2352.67,2296.19,2320.99,2323.64,2888.30857071,3940
2026-02-03 08:00:00,2321.0,2330.37,2260.58,2274.39,2287.91,4746.98887638,4516
2026-02-03 12:00:00,2274.36,2314.72,2250.77,2301.44,2288.03,5630.37934924,5966
2026-02-03 16:00:00,2301.25,2301.25,2107.48,2203.79,2183.8,21238.01900328,15001
2026-02-03 20:00:00,2202.62,2341.9,2185.7,2230.61,2273.98,13832.05067441,10784
2026-02-04 00:00:00,2230.57,2291.41,2221.11,2280.69,2267.73,3169.47899142,4239
2026-02-04 04:00:00,2280.0,2293.8,2253.67,2280.92,2281.6,12110.12168006,4247
2026-02-04 08:00:00,2281.25,2283.04,2223.71,2253.2,2258.94,4658.92886653,3583
2026-02-04 12:00:00,2252.62,2259.44,2133.46,2147.88,2186.81,11112.31143431,8110
2026-02-04 16:00:00,2148.64,2189.09,2073.0,2183.56,2127.83,26532.80978958,14823
2026-02-04 20:00:00,2183.77,2187.99,2084.21,2142.84,2140.65,13801.50890629,8292
2026-02-05 00:00:00,2143.46,2168.33,2095.0,2107.07,2133.19,7852.28410919,6839
2026-02-05 04:00:00,2106.14,2121.59,2062.86,2087.5,2093.92,11247.91402616,9539
2026-02-05 08:00:00,2086.94,2144.63,2058.22,2075.4,2096.86,5586.16485877,6191
2026-02-05 12:00:00,2075.4,2102.63,1923.64,1957.89,2005.35,27240.40657973,21337
2026-02-05 16:00:00,1957.89,2013.84,1910.09,1924.45,1956.9,16730.22664992,18852
2026-02-05 20:00:00,1924.56,1938.65,1812.68,1823.85,1865.42,30710.22059703,25958
2026-02-06 00:00:00,1823.49,1945.49,1744.56,1889.61,1844.49,20837.28881144,22938
2026-02-06 04:00:00,1889.96,1972.4,1884.15,1897.38,1917.88,8877.28113968,7249
2026-02-06 08:00:00,1897.23,1935.92,1862.52,1930.77,1903.37,11440.83362046,8015
2026-02-06 12:00:00,1929.89,2000.56,1912.73,1979.58,1958.91,12593.25871615,10956
2026-02-06 16:00:00,1979.94,2089.97,1971.81,2064.12,2040.73,16860.38650507,14177
2026-02-06 20:00:00,2064.07,2091.99,2041.23,2062.18,2062.03,5460.0833326,6577
2026-02-07 00:00:00,2062.19,2084.87,2031.87,2079.79,2057.7,4105.83388646,4928
2026-02-07 04:00:00,2079.77,2117.0,1993.48,2026.6,2055.03,6994.03547645,6798
2026-02-07 08:00:00,2026.47,2030.3,1999.06,2016.95,2016.06,2569.34866809,2955
2026-02-07 12:00:00,2016.83,2073.74,2008.64,2050.57,2037.19,5834.55636806,5148
2026-02-07 16:00:00,2050.87,2129.48,2007.54,2089.83,2063.3,23152.60841654,16188
2026-02-07 20:00:00,2089.91,2111.32,2072.61,2086.26,2098.61,6580.24636811,4006
2026-02-08 00:00:00,2086.13,2105.41,2076.0,2077.2,2089.61,1320.63913362,2176
2026-02-08 04:00:00,2077.42,2087.03,2064.97,2082.59,2077.31,2619.04799206,2504
2026-02-08 08:00:00,2082.62,2136.0,2076.56,2130.84,2109.95,2929.54858448,3432
2026-02-08 12:00:00,2131.0,2142.5,2096.61,2106.7,2123.85,4002.91728034,4664
2026-02-08 16:00:00,2106.7,2127.68,2071.6,2125.2,2097.11,3040.16661883,3826
2026-02-08 20:00:00,2125.46,2150.0,2071.15,2088.62,2104.59,3661.4416041,4242
2026-02-09 00:00:00,2088.49,2101.03,2054.25,2098.28,2075.03,3875.56371633,3978
2026-02-09 04:00:00,2098.72,2100.57,2063.18,2064.33,2084.04,2324.59181753,2411
2026-02-09 08:00:00,2064.25,2068.0,2012.09,2024.87,2036.38,4506.8935239,3959
2026-02-09 12:00:00,2026.01,2072.37,2008.0,2059.82,2035.26,6251.82334694,4692
2026-02-09 16:00:00,2060.48,2168.59,2046.83,2129.24,2121.1,11852.97014643,7083
2026-02-09 20:00:00,2130.39,2146.04,2088.26,2103.7,2118.29,6367.15960321,5002
2026-02-10 00:00:00,2103.9,2123.64,2051.86,2063.54,2080.33,3283.71025057,3328
2026-02-10 04:00:00,2063.6,2072.68,1997.08,2005.87,2015.07,8410.22079934,4890
2026-02-10 08:00:00,2005.95,2027.86,1993.9,2001.82,2009.97,3984.64857174,3053
2026-02-10 12:00:00,2001.74,2038.85,1986.64,2022.34,2013.31,4953.47870121,6531
2026-02-10 16:00:00,2022.24,2046.25,1995.22,2017.07,2020.18,5920.60056283,6525
2026-02-10 20:00:00,2017.37,2021.89,1996.89,2021.58,2009.72,3313.09189852,3205
2026-02-11 00:00:00,2021.56,2030.35,1989.04,2007.73,2005.03,5739.43041992,2658
2026-02-11 04:00:00,2008.14,2009.45,1938.01,1950.01,1964.19,7320.93718238,5653
2026-02-11 08:00:00,1950.01,1955.25,1931.8,1952.84,1940.23,3719.61224728,2798
2026-02-11 12:00:00,1952.85,2014.72,1902.5,1929.43,1956.82,8516.2329593,6551
2026-02-11 16:00:00,1929.01,1961.16,1908.87,1951.44,1945.13,8208.41842237,4638
2026-02-11 20:00:00,1951.06,1985.86,1931.74,1940.52,1954.4,4920.5147467,5109
2026-02-12 00:00:00,1940.2,1976.76,1940.06,1968.12,1956.58,1371.00179406,2513
2026-02-12 04:00:00,1967.57,1980.94,1952.0,1967.17,1966.86,1338.38586481,2181
2026-02-12 08:00:00,1967.2,2000.0,1956.9,1989.46,1982.0,2584.26439339,2595
2026-02-12 12:00:00,1988.28,1994.99,1944.61,1947.52,1971.26,2989.53497032,3972
2026-02-12 16:00:00,1948.18,1949.09,1895.7,1923.88,1919.4,6681.66896308,6068
2026-02-12 20:00:00,1924.22,1950.61,1908.42,1946.08,1934.11,2871.68507919,2982
2026-02-13 00:00:00,1946.38,1956.45,1927.2,1951.76,1942.99,1541.39250456,2419
2026-02-13 04:00:00,1951.76,1953.82,1923.57,1934.43,1939.3,1523.14706056,2153
2026-02-13 08:00:00,1934.43,1967.38,1933.07,1958.62,1954.91,1950.85491612,2304
2026-02-13 12:00:00,1958.81,2049.02,1951.66,2033.59,1992.38,6850.0513025,5941
2026-02-13 16:00:00,2034.15,2071.71,2031.22,2057.3,2056.79,5101.69606503,4671
2026-02-13 20:00:00,2057.11,2058.59,2038.95,2047.86,2049.62,1767.54293686,2736
2026-02-14 00:00:00,2047.68,2056.52,2041.95,2053.41,2050.92,758.35567319,1664
2026-02-14 04:00:00,2053.55,2059.88,2048.0,2056.46,2052.88,443.57885974,1319
2026-02-14 08:00:00,2056.46,2106.0,2056.46,2097.81,2081.28,3139.58894884,2827
2026-02-14 12:00:00,2098.57,2099.05,2064.26,2087.12,2082.3,2846.04427369,2985
2026-02-14 16:00:00,2087.1,2089.91,2067.42,2087.57,2083.1,2689.81502488,2395
2026-02-14 20:00:00,2087.95,2098.05,2078.07,2085.56,2087.3,1832.24557783,2166
2026-02-15 00:00:00,2085.86,2088.73,2035.78,2058.54,2053.59,6327.19134755,4142
2026-02-15 04:00:00,2058.62,2101.87,2058.62,2090.12,2083.23,3566.46564012,3034
2026-02-15 08:00:00,2090.89,2095.86,2053.82,2061.38,2072.24,2021.63666225,2187
2026-02-15 12:00:00,2061.38,2067.24,1992.29,2010.6,2014.22,4777.65732275,4272
2026-02-15 16:00:00,2010.68,2010.68,1928.0,1941.55,1968.04,8443.07142784,6412
2026-02-15 20:00:00,1941.45,1973.45,1933.53,1965.46,1956.03,2043.92963887,3387
2026-02-16 00:00:00,1965.82,1979.84,1948.51,1958.0,1963.66,1136.24507872,2046
2026-02-16 04:00:00,1958.22,1978.1,1952.27,1970.29,1967.38,1083.5915611,1750
2026-02-16 08:00:00,1970.67,1992.53,1957.23,1975.86,1976.39,1682.50415662,2074
2026-02-16 12:00:00,1976.1,2021.74,1937.5,1955.56,1981.81,3406.40131203,4098
2026-02-16 16:00:00,1955.99,1987.49,1955.72,1973.46,1973.57,1984.3483946,2664
2026-02-16 20:00:00,1973.39,2003.8,1970.45,1997.94,1993.62,5556.6423919,2813
2026-02-17 00:00:00,1997.64,2009.73,1978.91,1984.93,1995.22,1030.81872982,2209
2026-02-17 04:00:00,1985.0,1998.37,1964.38,1985.01,1981.23,1017.08136194,1794
2026-02-17 08:00:00,1985.01,1989.72,1985.0,1988.94,1988.32,29.24955349,81
