timestamp,open,high,low,close,volume,close_time,quote_volume,trades,taker_buy_base,taker_buy_quote,ignore
2026-01-04 16:44:00,3136.02,3136.65,3136.02,3136.11,26.6826,2026-01-04 16:44:59.999,83688.43998800,746,6.80910000,21354.77613100,0
2026-01-04 16:45:00,3136.11,3137.94,3136.11,3137.94,21.3488,2026-01-04 16:45:59.999,66975.11016800,1334,17.30980000,54303.51119300,0
2026-01-04 16:46:00,3137.94,3138.64,3137.54,3138.63,79.7229,2026-01-04 16:46:59.999,250171.29929300,1371,58.46290000,183452.24463600,0
2026-01-04 16:47:00,3138.64,3139.26,3138.06,3138.06,64.7834,2026-01-04 16:47:59.999,203356.48308300,1673,28.06660000,88101.46680300,0
2026-01-04 16:48:00,3138.06,3138.22,3138.06,3138.1,15.0149,2026-01-04 16:48:59.999,47119.51332500,353,3.23490000,10151.54241400,0
2026-01-04 16:49:00,3138.09,3138.1,3137.17,3137.5,35.4571,2026-01-04 16:49:59.999,111250.03051800,1138,23.14580000,72620.17655800,0
2026-01-04 16:50:00,3137.49,3137.5,3136.59,3136.94,28.9074,2026-01-04 16:50:59.999,90678.80637300,682,11.73320000,36803.82154200,0
2026-01-04 16:51:00,3136.94,3137.22,3136.94,3137.21,31.6533,2026-01-04 16:51:59.999,99296.97437200,367,29.27300000,91829.64399500,0
2026-01-04 16:52:00,3137.21,3137.38,3137.21,3137.37,14.5824,2026-01-04 16:52:59.999,45748.60691700,228,10.48600000,32897.28096100,0
2026-01-04 16:53:00,3137.37,3137.68,3137.37,3137.67,20.6611,2026-01-04 16:53:59.999,64822.94669500,337,15.79780000,49563.99219400,0
2026-01-04 16:54:00,3137.68,3138.09,3137.67,3138.09,19.2635,2026-01-04 16:54:59.999,60447.16900200,346,12.18080000,38221.40552700,0
2026-01-04 16:55:00,3138.09,3138.09,3137.5,3137.51,51.4369,2026-01-04 16:55:59.999,161402.55952800,694,22.72470000,71306.71324900,0
2026-01-04 16:56:00,3137.51,3138.62,3137.5,3138.61,19.825,2026-01-04 16:56:59.999,62212.28428900,482,12.70500000,39868.85563400,0
2026-01-04 16:57:00,3138.62,3139.2,3138.62,3138.94,15.595,2026-01-04 16:57:59.999,48952.71335400,580,8.75170000,27470.89032300,0
2026-01-04 16:58:00,3138.94,3139.44,3138.94,3139.08,86.9874,2026-01-04 16:58:59.999,273066.24534900,1003,64.24970000,201687.30768400,0
2026-01-04 16:59:00,3139.07,3139.14,3138.81,3139.11,8.2634,2026-01-04 16:59:59.999,25938.53268500,565,6.02190000,18902.48279000,0
2026-01-04 17:00:00,3139.12,3139.68,3138.75,3139.68,20.3323,2026-01-04 17:00:59.999,63828.22664000,1115,14.08760000,44224.66424600,0
2026-01-04 17:01:00,3139.67,3143.6,3139.67,3142.32,678.9054,2026-01-04 17:01:59.999,2133859.76303800,5611,226.31820000,711165.05161300,0
2026-01-04 17:02:00,3142.33,3142.65,3141.29,3142.64,47.7328,2026-01-04 17:02:59.999,149970.80570100,1292,31.99100000,100508.54189900,0
2026-01-04 17:03:00,3142.64,3142.81,3140.92,3140.93,111.2642,2026-01-04 17:03:59.999,349571.75844000,1671,39.69680000,124711.26015800,0
2026-01-04 17:04:00,3140.92,3141.31,3139.78,3139.78,38.1413,2026-01-04 17:04:59.999,119801.49944400,1251,18.01470000,56585.30219400,0
2026-01-04 17:05:00,3139.79,3141.16,3139.79,3140.49,41.5071,2026-01-04 17:05:59.999,130361.12239900,1226,29.88280000,93851.98918900,0
2026-01-04 17:06:00,3140.49,3140.94,3140.47,3140.47,34.7999,2026-01-04 17:06:59.999,109297.00979600,1069,10.57500000,33212.34153100,0
2026-01-04 17:07:00,3140.47,3140.8,3139.88,3139.89,43.0296,2026-01-04 17:07:59.999,135117.39594300,1055,18.37370000,57694.38491700,0
2026-01-04 17:08:00,3139.89,3140.57,3139.43,3140.57,45.2257,2026-01-04 17:08:59.999,142011.32610200,1604,24.92270000,78259.57658600,0
2026-01-04 17:09:00,3140.56,3141.28,3139.88,3139.88,37.3303,2026-01-04 17:09:59.999,117240.41722400,1277,12.98840000,40790.14585000,0
2026-01-04 17:10:00,3139.89,3139.89,3139.43,3139.83,34.7113,2026-01-04 17:10:59.999,108982.35383600,1011,18.34970000,57610.59733100,0
2026-01-04 17:11:00,3139.84,3140.11,3139.08,3139.08,115.4093,2026-01-04 17:11:59.999,362336.37790300,925,13.50530000,42405.48647600,0
2026-01-04 17:12:00,3139.09,3139.44,3138.74,3139.17,96.4068,2026-01-04 17:12:59.999,302629.25840900,1307,59.94250000,188164.41585700,0
2026-01-04 17:13:00,3139.16,3139.17,3138.56,3138.57,7.9497,2026-01-04 17:13:59.999,24953.69999200,421,4.53870000,14247.14541900,0
2026-01-04 17:14:00,3138.57,3138.57,3136.66,3136.8,182.7754,2026-01-04 17:14:59.999,573431.09439000,1207,110.61820000,347046.79795400,0
2026-01-04 17:15:00,3136.81,3138.46,3136.8,3138.46,25.9424,2026-01-04 17:15:59.999,81399.67618200,1136,19.20930000,60271.04109500,0
2026-01-04 17:16:00,3138.46,3138.49,3136.88,3136.89,16.9442,2026-01-04 17:16:59.999,53167.46002700,828,5.33430000,16738.53896600,0
2026-01-04 17:17:00,3136.88,3136.99,3136.02,3136.03,49.938,2026-01-04 17:17:59.999,156640.39545800,855,38.00740000,119221.46346300,0
2026-01-04 17:18:00,3136.02,3136.59,3136.02,3136.58,19.675,2026-01-04 17:18:59.999,61706.65055500,420,17.29730000,54249.09621700,0
2026-01-04 17:19:00,3136.59,3136.81,3135.68,3136.65,64.7701,2026-01-04 17:19:59.999,203133.47184100,1323,24.32230000,76281.09761800,0
2026-01-04 17:20:00,3136.65,3136.69,3136.04,3136.04,6.7196,2026-01-04 17:20:59.999,21074.43267800,505,3.58880000,11255.26439700,0
2026-01-04 17:21:00,3136.04,3138.02,3136.04,3137.91,26.1794,2026-01-04 17:21:59.999,82131.86279200,1158,21.15920000,66379.15207800,0
2026-01-04 17:22:00,3137.9,3140.77,3137.63,3140.77,56.7116,2026-01-04 17:22:59.999,178030.16425200,2158,48.79030000,153171.18390900,0
2026-01-04 17:23:00,3140.77,3140.77,3139.42,3139.42,37.4991,2026-01-04 17:23:59.999,117757.46845300,801,1.40690000,4417.73147900,0
2026-01-04 17:24:00,3139.43,3139.57,3139.09,3139.09,21.0438,2026-01-04 17:24:59.999,66064.97040700,620,9.85910000,30951.80030500,0
2026-01-04 17:25:00,3139.09,3139.61,3138.56,3138.57,31.6421,2026-01-04 17:25:59.999,99333.65836600,1205,19.02770000,59735.04165500,0
2026-01-04 17:26:00,3138.57,3138.75,3137.01,3137.29,79.0996,2026-01-04 17:26:59.999,248172.97167100,1624,20.25000000,63534.73597700,0
2026-01-04 17:27:00,3137.3,3137.79,3137.29,3137.32,37.2962,2026-01-04 17:27:59.999,117010.85707900,494,22.61090000,70937.99265300,0
2026-01-04 17:28:00,3137.33,3137.33,3137.32,3137.32,25.312,2026-01-04 17:28:59.999,79412.07327100,164,22.94310000,71980.07592300,0
2026-01-04 17:29:00,3137.33,3137.74,3137.32,3137.73,6.6755,2026-01-04 17:29:59.999,20943.60617800,271,5.07390000,15918.86472700,0
2026-01-04 17:30:00,3137.74,3137.74,3137.73,3137.73,7.3162,2026-01-04 17:30:59.999,22956.29611600,128,3.58900000,11261.34886000,0
2026-01-04 17:31:00,3137.73,3139.22,3137.73,3138.87,48.0162,2026-01-04 17:31:59.999,150684.62028900,1076,22.55250000,70775.42802400,0
2026-01-04 17:32:00,3138.87,3139.54,3138.19,3139.46,106.5756,2026-01-04 17:32:59.999,334552.75322900,692,97.30130000,305442.66912200,0
2026-01-04 17:33:00,3139.45,3140.48,3139.45,3140.48,33.9163,2026-01-04 17:33:59.999,106501.78147100,596,29.30090000,92009.72326300,0
2026-01-04 17:34:00,3140.48,3140.48,3139.9,3139.9,27.611,2026-01-04 17:34:59.999,86700.82213800,507,16.29110000,51154.56397200,0
2026-01-04 17:35:00,3139.91,3142.01,3139.9,3142.01,73.4573,2026-01-04 17:35:59.999,230739.69509400,1366,60.14450000,188918.31976800,0
2026-01-04 17:36:00,3142.0,3142.0,3140.22,3140.99,50.9057,2026-01-04 17:36:59.999,159892.74894500,1169,11.52410000,36192.52727800,0
2026-01-04 17:37:00,3141.0,3141.0,3140.52,3140.53,39.0892,2026-01-04 17:37:59.999,122772.01432400,299,13.51470000,42446.85194800,0
2026-01-04 17:38:00,3140.53,3140.53,3139.9,3139.91,17.9708,2026-01-04 17:38:59.999,56430.85536000,589,3.31320000,10403.18288600,0
2026-01-04 17:39:00,3139.91,3141.2,3139.9,3140.87,28.1858,2026-01-04 17:39:59.999,88520.33578700,1075,16.81330000,52801.34748600,0
2026-01-04 17:40:00,3140.87,3140.88,3140.09,3140.49,74.0668,2026-01-04 17:40:59.999,232598.86904400,858,59.52600000,186934.05975300,0
2026-01-04 17:41:00,3140.49,3140.49,3138.1,3138.1,50.5039,2026-01-04 17:41:59.999,158544.50421100,1278,15.30640000,48040.02758200,0
2026-01-04 17:42:00,3138.1,3138.53,3138.09,3138.53,64.7121,2026-01-04 17:42:59.999,203089.03633800,501,33.54300000,105266.44503800,0
2026-01-04 17:43:00,3138.53,3138.53,3138.13,3138.13,22.8221,2026-01-04 17:43:59.999,71619.78415200,424,6.34710000,19918.10379600,0
2026-01-04 17:44:00,3138.13,3138.46,3137.99,3138.46,54.8503,2026-01-04 17:44:59.999,172125.92316400,422,13.81660000,43356.70884000,0
2026-01-04 17:45:00,3138.45,3139.13,3138.45,3139.12,20.542,2026-01-04 17:45:59.999,64476.79209200,786,12.79720000,40166.39521800,0
2026-01-04 17:46:00,3139.13,3140.11,3139.12,3140.11,19.803,2026-01-04 17:46:59.999,62174.27970900,578,15.84890000,49759.41156800,0
2026-01-04 17:47:00,3140.11,3140.46,3139.44,3139.97,47.9923,2026-01-04 17:47:59.999,150694.00235400,1803,18.59740000,58393.84386700,0
2026-01-04 17:48:00,3139.96,3140.11,3139.52,3139.53,9.6471,2026-01-04 17:48:59.999,30291.50712000,507,2.29120000,7194.50554300,0
2026-01-04 17:49:00,3139.53,3141.36,3139.0,3140.77,126.9451,2026-01-04 17:49:59.999,398624.51543100,2094,80.12810000,251619.77149500,0
2026-01-04 17:50:00,3140.76,3141.36,3140.76,3141.27,37.0743,2026-01-04 17:50:59.999,116451.79811600,833,31.62880000,99346.29898900,0
2026-01-04 17:51:00,3141.27,3141.28,3140.14,3140.15,343.1021,2026-01-04 17:51:59.999,1077688.75655400,819,1.48380000,4659.78265700,0
2026-01-04 17:52:00,3140.14,3140.81,3138.9,3138.9,41.5404,2026-01-04 17:52:59.999,130447.77805700,1233,8.51290000,26733.08756200,0
2026-01-04 17:53:00,3138.91,3138.91,3138.24,3138.25,23.2939,2026-01-04 17:53:59.999,73103.83725800,503,16.27510000,51075.90978000,0
2026-01-04 17:54:00,3138.25,3138.26,3137.89,3137.89,19.2352,2026-01-04 17:54:59.999,60363.78144000,549,8.82600000,27698.06149300,0
2026-01-04 17:55:00,3137.89,3137.9,3137.3,3137.31,21.5425,2026-01-04 17:55:59.999,67594.76142600,588,4.46060000,13996.69881200,0
2026-01-04 17:56:00,3137.3,3137.3,3136.55,3137.05,58.175,2026-01-04 17:56:59.999,182488.06935200,1007,18.15850000,56957.76089000,0
2026-01-04 17:57:00,3137.05,3137.5,3137.04,3137.49,11.1896,2026-01-04 17:57:59.999,35105.89870300,375,9.30460000,29191.77095800,0
2026-01-04 17:58:00,3137.5,3137.5,3137.49,3137.5,13.8545,2026-01-04 17:58:59.999,43468.45536400,141,10.01590000,31424.88625000,0
2026-01-04 17:59:00,3137.5,3137.5,3137.49,3137.5,5.1731,2026-01-04 17:59:59.999,16230.55560400,122,0.60850000,1909.16875000,0
2026-01-04 18:00:00,3137.49,3137.88,3135.6,3135.61,92.8531,2026-01-04 18:00:59.999,291268.14242100,1440,7.40230000,23220.45126600,0
2026-01-04 18:01:00,3135.61,3137.48,3135.6,3137.47,26.7045,2026-01-04 18:01:59.999,83753.45569300,983,24.78710000,77738.62878700,0
2026-01-04 18:02:00,3137.47,3137.47,3135.67,3135.67,54.4369,2026-01-04 18:02:59.999,170742.43969000,1193,5.14600000,16138.42495800,0
2026-01-04 18:03:00,3135.68,3135.68,3134.54,3134.92,75.6081,2026-01-04 18:03:59.999,237033.05877200,1263,21.35950000,66955.35243600,0
2026-01-04 18:04:00,3134.92,3135.47,3134.92,3134.99,44.8147,2026-01-04 18:04:59.999,140504.55515100,620,18.67510000,58549.51359200,0
2026-01-04 18:05:00,3134.99,3134.99,3133.05,3133.05,59.8079,2026-01-04 18:05:59.999,187435.63957600,1384,6.42380000,20133.83935800,0
2026-01-04 18:06:00,3133.06,3133.79,3133.05,3133.78,26.489,2026-01-04 18:06:59.999,82998.27373200,505,17.27900000,54140.18186700,0
2026-01-04 18:07:00,3133.78,3134.69,3133.33,3133.33,35.005,2026-01-04 18:07:59.999,109709.92829300,1106,14.69980000,46070.42812800,0
2026-01-04 18:08:00,3133.34,3133.8,3133.17,3133.19,34.5689,2026-01-04 18:08:59.999,108317.16118700,752,8.65930000,27131.96813600,0
2026-01-04 18:09:00,3133.2,3134.35,3133.2,3134.34,17.8316,2026-01-04 18:09:59.999,55880.56917800,496,14.39220000,45100.40279800,0
2026-01-04 18:10:00,3134.34,3134.34,3131.69,3132.31,125.7489,2026-01-04 18:10:59.999,393903.09097100,1673,15.56410000,48748.04795100,0
2026-01-04 18:11:00,3132.31,3132.33,3131.72,3132.02,19.0995,2026-01-04 18:11:59.999,59820.44436300,613,14.88220000,46610.99129900,0
2026-01-04 18:12:00,3132.02,3132.03,3131.63,3131.94,90.7975,2026-01-04 18:12:59.999,284370.29393600,428,22.23430000,69632.94095000,0
2026-01-04 18:13:00,3131.95,3131.96,3131.67,3131.95,17.8208,2026-01-04 18:13:59.999,55809.77648200,306,12.27560000,38443.37223700,0
2026-01-04 18:14:00,3131.95,3132.42,3131.95,3132.41,29.6631,2026-01-04 18:14:59.999,92907.02265800,413,16.07020000,50333.80631500,0
2026-01-04 18:15:00,3132.42,3132.78,3132.41,3132.78,16.946,2026-01-04 18:15:59.999,53086.05756600,270,4.60770000,14433.62495900,0
2026-01-04 18:16:00,3132.78,3132.78,3131.61,3132.27,42.5293,2026-01-04 18:16:59.999,133206.64211500,1112,19.04860000,59658.85617400,0
2026-01-04 18:17:00,3132.26,3132.27,3132.26,3132.27,8.9714,2026-01-04 18:17:59.999,28100.77194900,60,1.45850000,4568.41579500,0
2026-01-04 18:18:00,3132.27,3132.27,3129.06,3129.07,101.0625,2026-01-04 18:18:59.999,316363.15243100,3120,14.58900000,45664.75528100,0
2026-01-04 18:19:00,3129.07,3129.85,3128.89,3128.9,66.8472,2026-01-04 18:19:59.999,209180.82913500,1114,40.63980000,127167.99043300,0
2026-01-04 18:20:00,3128.89,3129.56,3128.0,3129.33,508.2666,2026-01-04 18:20:59.999,1590294.16818900,1769,200.72540000,628120.92056900,0
2026-01-04 18:21:00,3129.34,3129.5,3128.0,3128.0,22.3231,2026-01-04 18:21:59.999,69849.64080000,1164,6.95430000,21760.96593100,0
2026-01-04 18:22:00,3128.0,3128.28,3126.24,3128.28,130.3247,2026-01-04 18:22:59.999,407593.91781500,1816,37.04820000,115855.73210700,0
2026-01-04 18:23:00,3128.27,3130.79,3128.27,3130.5,37.4029,2026-01-04 18:23:59.999,117056.10611600,1550,25.52130000,79866.57294100,0
2026-01-04 18:24:00,3130.5,3130.5,3129.34,3130.46,100.5463,2026-01-04 18:24:59.999,314706.81315900,1304,55.35700000,173253.58687200,0
2026-01-04 18:25:00,3130.45,3130.97,3129.39,3130.96,96.7562,2026-01-04 18:25:59.999,302838.59822400,1353,43.74950000,136943.08297700,0
2026-01-04 18:26:00,3130.97,3130.97,3129.92,3130.07,32.8111,2026-01-04 18:26:59.999,102701.36724400,551,22.23830000,69604.68873700,0
2026-01-04 18:27:00,3130.08,3130.21,3129.55,3130.2,46.9927,2026-01-04 18:27:59.999,147089.36684100,584,15.02630000,47031.82827800,0
2026-01-04 18:28:00,3130.2,3130.21,3129.94,3130.0,48.7025,2026-01-04 18:28:59.999,152444.43396400,242,6.75150000,21131.90858900,0
2026-01-04 18:29:00,3130.0,3130.08,3129.99,3130.08,43.7854,2026-01-04 18:29:59.999,137049.18908000,191,38.00990000,118971.61454700,0
2026-01-04 18:30:00,3130.07,3130.07,3128.98,3129.56,92.3863,2026-01-04 18:30:59.999,289132.33673300,992,44.78410000,140147.10950300,0
2026-01-04 18:31:00,3129.56,3129.93,3127.7,3127.88,103.8933,2026-01-04 18:31:59.999,325027.07138100,2838,58.83250000,184044.73751900,0
2026-01-04 18:32:00,3127.88,3130.89,3127.21,3130.58,329.9221,2026-01-04 18:32:59.999,1032352.73828300,2764,274.68700000,859541.29442200,0
2026-01-04 18:33:00,3130.57,3131.86,3128.06,3128.79,128.231,2026-01-04 18:33:59.999,401386.76289600,2325,72.14250000,225840.89225900,0
2026-01-04 18:34:00,3128.79,3130.98,3128.79,3130.84,52.9855,2026-01-04 18:34:59.999,165860.59600300,1468,32.09420000,100459.24139600,0
2026-01-04 18:35:00,3130.84,3130.89,3130.84,3130.89,6.4387,2026-01-04 18:35:59.999,20158.81783900,376,2.47380000,7745.19180300,0
2026-01-04 18:36:00,3130.89,3131.86,3128.5,3128.51,144.7133,2026-01-04 18:36:59.999,453014.79486300,2653,42.52240000,133130.86237400,0
2026-01-04 18:37:00,3128.5,3129.34,3128.12,3128.29,46.5778,2026-01-04 18:37:59.999,145720.61305700,1223,35.47020000,110969.12129100,0
2026-01-04 18:38:00,3128.29,3128.29,3123.01,3123.69,373.7417,2026-01-04 18:38:59.999,1167844.03235600,6325,105.32820000,329084.00934400,0
2026-01-04 18:39:00,3123.69,3130.0,3123.69,3129.96,245.9892,2026-01-04 18:39:59.999,769171.53033300,4427,153.50840000,479990.57048300,0
2026-01-04 18:40:00,3129.96,3131.21,3127.91,3128.28,98.3031,2026-01-04 18:40:59.999,307695.00661200,3161,63.27810000,198076.09020700,0
2026-01-04 18:41:00,3128.27,3131.22,3128.12,3131.21,122.1406,2026-01-04 18:41:59.999,382328.60799100,1131,96.22830000,301201.53400200,0
2026-01-04 18:42:00,3131.21,3131.96,3131.1,3131.55,51.9056,2026-01-04 18:42:59.999,162540.53886000,1276,37.82910000,118458.56496800,0
2026-01-04 18:43:00,3131.55,3132.55,3131.24,3132.0,31.5946,2026-01-04 18:43:59.999,98948.63561500,807,22.00010000,68899.42286300,0
2026-01-04 18:44:00,3132.01,3133.88,3132.01,3133.84,79.9972,2026-01-04 18:44:59.999,250644.93222500,1193,70.74190000,221642.09504700,0
2026-01-04 18:45:00,3133.85,3134.52,3133.12,3134.37,76.7092,2026-01-04 18:45:59.999,240403.14549800,1161,46.76130000,146542.34257000,0
2026-01-04 18:46:00,3134.37,3134.9,3134.05,3134.38,62.7662,2026-01-04 18:46:59.999,196743.57847400,1185,49.48090000,155101.10288000,0
2026-01-04 18:47:00,3134.37,3134.9,3133.12,3133.13,34.8033,2026-01-04 18:47:59.999,109079.23238700,1098,15.62330000,48967.23473500,0
2026-01-04 18:48:00,3133.12,3133.13,3131.83,3131.83,79.2036,2026-01-04 18:48:59.999,248127.96028500,1183,18.18900000,56974.09929500,0
2026-01-04 18:49:00,3131.83,3133.25,3131.82,3133.24,238.5213,2026-01-04 18:49:59.999,747205.94920300,1006,237.12380000,742828.33413400,0
2026-01-04 18:50:00,3133.24,3133.9,3133.24,3133.57,27.6162,2026-01-04 18:50:59.999,86537.63891300,655,15.67260000,49110.74774100,0
2026-01-04 18:51:00,3133.57,3133.58,3132.05,3132.05,114.5857,2026-01-04 18:51:59.999,359055.79223100,678,2.49580000,7819.60084100,0
2026-01-04 18:52:00,3132.04,3132.93,3132.04,3132.93,61.1251,2026-01-04 18:52:59.999,191481.40531400,792,54.15490000,169646.40773600,0
2026-01-04 18:53:00,3132.92,3133.23,3132.62,3132.94,164.1687,2026-01-04 18:53:59.999,514348.89556300,491,159.89360000,500955.13956600,0
2026-01-04 18:54:00,3132.94,3132.95,3132.56,3132.56,10.3096,2026-01-04 18:54:59.999,32297.79622000,338,1.46550000,4590.86622100,0
2026-01-04 18:55:00,3132.56,3133.43,3132.56,3133.42,101.2537,2026-01-04 18:55:59.999,317238.05857800,589,66.64300000,208788.91765500,0
2026-01-04 18:56:00,3133.42,3134.9,3133.42,3134.89,72.4354,2026-01-04 18:56:59.999,227027.67380500,789,65.64020000,205730.98512900,0
2026-01-04 18:57:00,3134.89,3135.6,3134.78,3134.78,74.1661,2026-01-04 18:57:59.999,232518.20315500,725,61.66310000,193317.86460300,0
2026-01-04 18:58:00,3134.78,3134.79,3134.27,3134.78,26.8779,2026-01-04 18:58:59.999,84247.37283900,605,12.21690000,38292.80078800,0
2026-01-04 18:59:00,3134.78,3135.04,3134.35,3135.03,52.2964,2026-01-04 18:59:59.999,163924.81698000,570,49.34690000,154679.00851100,0
2026-01-04 19:00:00,3135.04,3135.04,3133.82,3134.93,47.6427,2026-01-04 19:00:59.999,149340.54800900,887,11.43350000,35838.57235000,0
2026-01-04 19:01:00,3134.94,3134.94,3130.4,3130.6,498.331,2026-01-04 19:01:59.999,1561423.51390200,2433,341.11000000,1068734.54427400,0
2026-01-04 19:02:00,3130.65,3132.28,3130.64,3132.27,24.4728,2026-01-04 19:02:59.999,76644.53175100,803,19.40570000,60773.45917400,0
2026-01-04 19:03:00,3132.28,3132.88,3129.27,3129.73,135.5599,2026-01-04 19:03:59.999,424518.62331100,1670,39.78540000,124609.51566400,0
2026-01-04 19:04:00,3129.73,3130.15,3128.64,3129.45,106.3128,2026-01-04 19:04:59.999,332703.09563300,1996,65.83560000,206039.09914700,0
2026-01-04 19:05:00,3129.45,3129.45,3122.5,3124.0,450.0457,2026-01-04 19:05:59.999,1406138.34341800,6685,160.84610000,502487.74736700,0
2026-01-04 19:06:00,3124.0,3127.36,3123.52,3126.59,251.414,2026-01-04 19:06:59.999,785890.77937900,4599,204.99260000,640810.72036200,0
2026-01-04 19:07:00,3126.58,3126.71,3124.1,3126.1,172.9345,2026-01-04 19:07:59.999,540437.45689700,3334,133.45010000,417023.72516700,0
2026-01-04 19:08:00,3126.09,3127.28,3118.98,3120.38,908.1276,2026-01-04 19:08:59.999,2834425.46012600,5895,352.91030000,1101544.29884100,0
2026-01-04 19:09:00,3120.38,3123.96,3120.38,3123.0,292.5372,2026-01-04 19:09:59.999,913454.84306100,4134,226.51580000,707283.86788100,0
2026-01-04 19:10:00,3123.0,3125.95,3122.14,3125.79,209.0963,2026-01-04 19:10:59.999,653255.64187100,2995,133.96070000,418526.52771400,0
2026-01-04 19:11:00,3125.78,3127.07,3124.01,3126.91,273.4043,2026-01-04 19:11:59.999,854631.97298000,3356,176.75040000,552537.22446900,0
2026-01-04 19:12:00,3126.91,3127.47,3123.54,3124.3,322.973,2026-01-04 19:12:59.999,1009366.42840600,3544,227.70330000,711616.58568200,0
2026-01-04 19:13:00,3124.3,3126.67,3123.18,3126.66,166.7628,2026-01-04 19:13:59.999,521084.63786200,1684,137.19840000,428709.85437800,0
2026-01-04 19:14:00,3126.67,3126.86,3126.4,3126.79,52.5694,2026-01-04 19:14:59.999,164369.66025800,583,31.51070000,98524.66657300,0
2026-01-04 19:15:00,3126.78,3129.37,3126.03,3128.09,521.5055,2026-01-04 19:15:59.999,1631643.44281000,3022,463.12650000,1449001.40608600,0
2026-01-04 19:16:00,3128.1,3129.8,3128.1,3129.59,70.7164,2026-01-04 19:16:59.999,221264.76031200,1128,23.49820000,73530.92540300,0
2026-01-04 19:17:00,3129.58,3129.87,3128.17,3128.17,92.4135,2026-01-04 19:17:59.999,289198.57658500,939,71.28470000,223085.18375100,0
2026-01-04 19:18:00,3128.18,3128.93,3127.59,3128.92,77.6083,2026-01-04 19:18:59.999,242770.08303800,984,42.32670000,132402.26077300,0
2026-01-04 19:19:00,3128.92,3128.92,3128.15,3128.15,30.7828,2026-01-04 19:19:59.999,96307.78145100,876,15.43250000,48282.47017000,0
2026-01-04 19:20:00,3128.16,3130.02,3128.16,3130.01,69.4624,2026-01-04 19:20:59.999,217386.16513700,1358,28.52890000,89270.94172800,0
2026-01-04 19:21:00,3130.01,3132.18,3130.01,3132.18,31.8269,2026-01-04 19:21:59.999,99651.47436300,1495,20.12270000,63011.47963400,0
2026-01-04 19:22:00,3132.17,3134.41,3131.32,3133.35,433.2069,2026-01-04 19:22:59.999,1357129.10373900,3563,349.35070000,1094398.76727500,0
2026-01-04 19:23:00,3133.34,3133.34,3130.63,3132.32,219.0073,2026-01-04 19:23:59.999,685955.23534600,2740,88.12230000,276013.31312700,0
2026-01-04 19:24:00,3132.31,3132.6,3131.08,3131.09,96.1736,2026-01-04 19:24:59.999,301221.74056300,1072,47.69230000,149375.09437300,0
2026-01-04 19:25:00,3131.08,3131.56,3131.04,3131.07,26.8124,2026-01-04 19:25:59.999,83956.48914800,743,18.18550000,56943.05069700,0
2026-01-04 19:26:00,3131.06,3131.21,3129.25,3129.25,20.7581,2026-01-04 19:26:59.999,64975.20124500,1362,6.58090000,20597.25397000,0
2026-01-04 19:27:00,3129.26,3131.22,3129.09,3130.57,128.2644,2026-01-04 19:27:59.999,401554.51312500,1005,123.88090000,387831.19740800,0
2026-01-04 19:28:00,3130.56,3130.58,3130.56,3130.58,1.7316,2026-01-04 19:28:59.999,5420.89654800,127,1.07800000,3374.75881900,0
2026-01-04 19:29:00,3130.57,3131.31,3130.57,3131.3,40.8602,2026-01-04 19:29:59.999,127939.41895300,242,39.61310000,124034.40275500,0
2026-01-04 19:30:00,3131.3,3131.72,3130.79,3131.07,168.9581,2026-01-04 19:30:59.999,529097.86464100,1018,155.16630000,485911.81578800,0
2026-01-04 19:31:00,3131.06,3133.32,3131.06,3133.31,41.0612,2026-01-04 19:31:59.999,128603.44503500,1019,37.62020000,117823.31416600,0
2026-01-04 19:32:00,3133.31,3133.32,3132.38,3132.38,57.8739,2026-01-04 19:32:59.999,181322.23347200,610,11.35950000,35586.51754400,0
2026-01-04 19:33:00,3132.39,3133.25,3132.38,3133.25,14.3384,2026-01-04 19:33:59.999,44919.60881400,453,11.09200000,34748.68632500,0
2026-01-04 19:34:00,3133.24,3133.24,3132.35,3132.36,16.1607,2026-01-04 19:34:59.999,50624.41215600,426,10.82440000,33906.20429400,0
2026-01-04 19:35:00,3132.36,3133.71,3132.36,3133.17,205.4833,2026-01-04 19:35:59.999,643849.53417400,1354,196.82430000,616717.84580600,0
2026-01-04 19:36:00,3133.12,3133.12,3132.44,3132.51,23.2111,2026-01-04 19:36:59.999,72713.56919800,694,12.02110000,37657.32159000,0
2026-01-04 19:37:00,3132.52,3133.0,3132.21,3132.21,20.5752,2026-01-04 19:37:59.999,64455.00533700,649,8.72940000,27346.24680400,0
2026-01-04 19:38:00,3132.2,3132.21,3130.2,3131.12,194.4652,2026-01-04 19:38:59.999,608831.34862700,1146,107.07010000,335201.77952200,0
2026-01-04 19:39:00,3131.12,3131.13,3131.11,3131.13,5.9884,2026-01-04 19:39:59.999,18750.36255900,192,1.71430000,5367.68510800,0
2026-01-04 19:40:00,3131.13,3131.9,3128.47,3128.7,145.1961,2026-01-04 19:40:59.999,454516.36442700,1560,17.08500000,53469.87819100,0
2026-01-04 19:41:00,3128.69,3129.44,3128.69,3129.43,107.7979,2026-01-04 19:41:59.999,337308.19999800,478,13.90310000,43503.61707600,0
2026-01-04 19:42:00,3129.43,3130.43,3129.43,3130.05,240.2977,2026-01-04 19:42:59.999,752155.70975400,725,233.12050000,729690.01672200,0
2026-01-04 19:43:00,3130.04,3130.05,3128.92,3128.92,12.1385,2026-01-04 19:43:59.999,37986.39021500,581,0.17590000,550.47247000,0
2026-01-04 19:44:00,3128.92,3128.93,3128.3,3128.73,13.7882,2026-01-04 19:44:59.999,43138.21267700,437,4.35470000,13624.05514100,0
2026-01-04 19:45:00,3128.73,3129.19,3128.73,3128.78,15.3062,2026-01-04 19:45:59.999,47891.44834200,560,12.16490000,38062.17099100,0
2026-01-04 19:46:00,3128.77,3129.41,3128.77,3129.41,36.0111,2026-01-04 19:46:59.999,112673.53635900,419,15.45010000,48342.44110900,0
2026-01-04 19:47:00,3129.41,3129.69,3129.4,3129.68,37.464,2026-01-04 19:47:59.999,117242.99118200,178,34.38720000,107614.10718200,0
2026-01-04 19:48:00,3129.69,3129.76,3129.68,3129.76,9.8459,2026-01-04 19:48:59.999,30814.58365300,263,5.45770000,17080.91560500,0
2026-01-04 19:49:00,3129.75,3132.63,3129.75,3132.62,713.8865,2026-01-04 19:49:59.999,2235581.18347000,1779,646.26070000,2023794.85375700,0
2026-01-04 19:50:00,3132.61,3132.62,3131.6,3131.61,46.1798,2026-01-04 19:50:59.999,144627.91997600,494,30.50550000,95533.85502900,0
2026-01-04 19:51:00,3131.61,3131.61,3130.97,3131.13,46.1164,2026-01-04 19:51:59.999,144391.29990600,465,20.59290000,64476.25312100,0
2026-01-04 19:52:00,3131.14,3131.14,3130.82,3130.83,2.8284,2026-01-04 19:52:59.999,8855.94853500,181,0.93450000,2926.00189600,0
2026-01-04 19:53:00,3130.83,3130.83,3130.29,3130.3,25.9123,2026-01-04 19:53:59.999,81117.52288700,215,13.81200000,43237.33160600,0
2026-01-04 19:54:00,3130.3,3132.34,3130.3,3132.05,190.3497,2026-01-04 19:54:59.999,596087.52459300,820,179.99170000,563651.59217900,0
2026-01-04 19:55:00,3132.06,3133.5,3132.05,3133.49,66.9601,2026-01-04 19:55:59.999,209767.39079200,680,53.23600000,166774.40719000,0
2026-01-04 19:56:00,3133.49,3134.33,3133.34,3134.33,78.6888,2026-01-04 19:56:59.999,246586.97377200,775,64.23910000,201306.39603400,0
2026-01-04 19:57:00,3134.32,3135.14,3134.15,3134.15,111.5148,2026-01-04 19:57:59.999,349579.81334100,1151,51.66280000,161947.34037300,0
2026-01-04 19:58:00,3134.14,3134.14,3133.07,3133.08,85.9483,2026-01-04 19:58:59.999,269332.73331000,748,66.91270000,209681.29735000,0
2026-01-04 19:59:00,3133.08,3133.55,3132.71,3132.72,94.4128,2026-01-04 19:59:59.999,295819.79676900,602,84.23200000,263920.66626900,0
2026-01-04 20:00:00,3132.72,3133.16,3130.85,3131.65,125.9436,2026-01-04 20:00:59.999,394423.67632900,1510,81.20580000,254308.96871600,0
2026-01-04 20:01:00,3131.66,3131.98,3131.08,3131.08,46.5503,2026-01-04 20:01:59.999,145783.48989300,893,12.97350000,40629.16163000,0
2026-01-04 20:02:00,3131.09,3132.74,3131.08,3132.14,26.618,2026-01-04 20:02:59.999,83363.22952400,838,15.31660000,47965.80613900,0
2026-01-04 20:03:00,3132.15,3133.57,3132.14,3133.57,26.591,2026-01-04 20:03:59.999,83309.58587700,517,24.20180000,75823.94794000,0
2026-01-04 20:04:00,3133.56,3133.57,3132.49,3132.5,27.3542,2026-01-04 20:04:59.999,85699.31537400,560,2.88680000,9044.02898300,0
2026-01-04 20:05:00,3132.5,3133.0,3132.49,3132.99,11.3238,2026-01-04 20:05:59.999,35472.85077700,287,11.03870000,34579.66553200,0
2026-01-04 20:06:00,3133.0,3133.0,3132.49,3133.0,10.6297,2026-01-04 20:06:59.999,33301.36975000,366,6.27230000,19650.10618400,0
2026-01-04 20:07:00,3133.0,3137.87,3133.0,3137.49,212.8038,2026-01-04 20:07:59.999,667379.06925500,2718,168.71120000,529055.85130600,0
2026-01-04 20:08:00,3137.49,3137.49,3135.81,3136.4,56.0336,2026-01-04 20:08:59.999,175760.67423500,958,20.62630000,64687.25985400,0
2026-01-04 20:09:00,3136.4,3137.18,3135.0,3135.6,82.5008,2026-01-04 20:09:59.999,258700.80893300,1258,32.21420000,101015.24822300,0
2026-01-04 20:10:00,3135.61,3136.97,3135.61,3136.97,33.3322,2026-01-04 20:10:59.999,104535.56873400,557,31.37540000,98398.32469000,0
2026-01-04 20:11:00,3136.98,3137.8,3136.97,3137.8,32.8458,2026-01-04 20:11:59.999,103049.60795200,852,22.64880000,71056.24730000,0
2026-01-04 20:12:00,3137.8,3137.9,3137.48,3137.89,21.3526,2026-01-04 20:12:59.999,66997.77706800,447,18.23460000,57214.18598000,0
2026-01-04 20:13:00,3137.9,3139.44,3137.89,3139.31,201.0271,2026-01-04 20:13:59.999,630970.65951500,1454,167.23410000,524908.16512000,0
2026-01-04 20:14:00,3139.31,3139.32,3137.99,3138.7,58.1958,2026-01-04 20:14:59.999,182660.91442800,760,8.51100000,26710.40256800,0
2026-01-04 20:15:00,3138.7,3138.7,3137.38,3137.39,27.0892,2026-01-04 20:15:59.999,85006.50398600,1017,6.07690000,19070.06836000,0
2026-01-04 20:16:00,3137.39,3138.33,3137.39,3138.3,10.6765,2026-01-04 20:16:59.999,33502.87665500,432,6.22840000,19544.04202500,0
2026-01-04 20:17:00,3138.3,3139.31,3138.3,3138.56,15.5763,2026-01-04 20:17:59.999,48891.14941200,559,8.55870000,26863.94795100,0
2026-01-04 20:18:00,3138.56,3139.06,3138.56,3139.05,17.0434,2026-01-04 20:18:59.999,53494.98394700,167,16.10690000,50555.39322400,0
2026-01-04 20:19:00,3139.05,3139.05,3137.31,3137.32,23.7719,2026-01-04 20:19:59.999,74603.59834700,571,4.59950000,14432.65256600,0
2026-01-04 20:20:00,3137.32,3137.54,3137.31,3137.54,9.3982,2026-01-04 20:20:59.999,29485.14568200,188,6.31840000,19822.85834400,0
2026-01-04 20:21:00,3137.55,3138.01,3137.31,3137.31,11.5327,2026-01-04 20:21:59.999,36186.88775300,535,5.59650000,17560.57418900,0
2026-01-04 20:22:00,3137.31,3137.32,3137.31,3137.32,7.0025,2026-01-04 20:22:59.999,21969.07124400,116,5.79690000,18186.73030800,0
2026-01-04 20:23:00,3137.31,3138.09,3137.31,3137.99,7.3329,2026-01-04 20:23:59.999,23009.74112000,387,3.48340000,10929.77267500,0
2026-01-04 20:24:00,3137.98,3138.09,3137.98,3138.08,7.9787,2026-01-04 20:24:59.999,25037.37563700,140,6.26630000,19663.76282500,0
2026-01-04 20:25:00,3138.09,3140.0,3138.08,3139.67,191.8484,2026-01-04 20:25:59.999,602238.09736200,957,173.31020000,544031.85910800,0
2026-01-04 20:26:00,3139.68,3139.68,3139.17,3139.17,20.8366,2026-01-04 20:26:59.999,65416.65848700,320,6.00690000,18859.71239200,0
2026-01-04 20:27:00,3139.18,3140.22,3139.17,3140.22,39.1003,2026-01-04 20:27:59.999,122769.55499000,526,38.04080000,119442.86916100,0
2026-01-04 20:28:00,3140.21,3140.22,3139.58,3140.1,23.5242,2026-01-04 20:28:59.999,73862.58464900,600,8.35610000,26235.86997500,0
2026-01-04 20:29:00,3140.1,3140.11,3139.92,3139.92,6.3423,2026-01-04 20:29:59.999,19914.99152200,228,3.65490000,11476.52946900,0
2026-01-04 20:30:00,3139.92,3140.11,3138.5,3138.5,54.1398,2026-01-04 20:30:59.999,169978.80378100,1091,24.14290000,75806.00580400,0
2026-01-04 20:31:00,3138.51,3138.51,3137.78,3137.78,17.1306,2026-01-04 20:31:59.999,53753.90751900,512,9.35240000,29346.03440100,0
2026-01-04 20:32:00,3137.78,3138.0,3137.19,3137.99,32.518,2026-01-04 20:32:59.999,102030.91579900,766,11.92810000,37426.25242000,0
2026-01-04 20:33:00,3137.99,3139.0,3137.99,3139.0,12.643,2026-01-04 20:33:59.999,39683.26161200,462,9.73570000,30557.54962300,0
2026-01-04 20:34:00,3138.99,3139.0,3138.23,3138.24,12.2659,2026-01-04 20:34:59.999,38498.95371800,454,0.94510000,2966.35305200,0
2026-01-04 20:35:00,3138.23,3140.39,3138.23,3140.39,39.6343,2026-01-04 20:35:59.999,124412.47680000,839,20.50770000,64383.66379400,0
2026-01-04 20:36:00,3140.38,3140.39,3139.9,3139.91,50.8103,2026-01-04 20:36:59.999,159563.06762100,599,28.76950000,90346.94956100,0
2026-01-04 20:37:00,3139.9,3140.11,3139.2,3139.43,14.08,2026-01-04 20:37:59.999,44205.96662100,570,7.27700000,22846.37085300,0
2026-01-04 20:38:00,3139.43,3140.89,3139.43,3140.89,11.0706,2026-01-04 20:38:59.999,34763.95096200,520,7.52100000,23617.40520400,0
2026-01-04 20:39:00,3140.89,3140.89,3140.05,3140.06,84.1416,2026-01-04 20:39:59.999,264250.99252300,562,9.37590000,29444.27623300,0
2026-01-04 20:40:00,3140.05,3143.0,3140.05,3142.13,435.1817,2026-01-04 20:40:59.999,1367100.77699800,1628,404.77380000,1271552.55054400,0
2026-01-04 20:41:00,3142.13,3142.13,3140.66,3140.66,66.0513,2026-01-04 20:41:59.999,207480.19230500,806,50.61300000,158982.42986000,0
2026-01-04 20:42:00,3140.67,3140.67,3139.62,3139.62,33.559,2026-01-04 20:42:59.999,105377.39550000,937,8.24580000,25889.70340300,0
2026-01-04 20:43:00,3139.63,3139.95,3139.62,3139.83,11.0643,2026-01-04 20:43:59.999,34740.91792300,231,9.03240000,28361.03424200,0
2026-01-04 20:44:00,3139.82,3139.82,3139.22,3139.23,26.4206,2026-01-04 20:44:59.999,82949.56743900,486,10.72320000,33665.88421200,0
2026-01-04 20:45:00,3139.22,3140.0,3138.56,3138.57,21.5366,2026-01-04 20:45:59.999,67608.39569300,961,6.33260000,19880.53311000,0
2026-01-04 20:46:00,3138.56,3138.57,3138.56,3138.57,8.7193,2026-01-04 20:46:59.999,27366.05613400,95,0.99260000,3115.34458200,0
2026-01-04 20:47:00,3138.57,3139.44,3138.14,3139.44,52.3282,2026-01-04 20:47:59.999,164247.21722100,773,31.19140000,97908.00832900,0
2026-01-04 20:48:00,3139.44,3139.44,3138.98,3139.28,20.9983,2026-01-04 20:48:59.999,65919.67566300,677,8.82940000,27718.13806900,0
2026-01-04 20:49:00,3139.28,3139.44,3139.28,3139.42,15.4241,2026-01-04 20:49:59.999,48420.82654300,244,11.92530000,37436.99375700,0
2026-01-04 20:50:00,3139.43,3140.98,3139.43,3140.72,29.6947,2026-01-04 20:50:59.999,93248.84932300,973,20.80720000,65335.71446100,0
2026-01-04 20:51:00,3140.73,3141.6,3140.52,3141.6,29.0728,2026-01-04 20:51:59.999,91316.49418300,1089,18.47920000,58042.13835700,0
2026-01-04 20:52:00,3141.59,3142.3,3141.59,3141.61,72.85,2026-01-04 20:52:59.999,228880.92047800,667,28.74230000,90307.67104200,0
2026-01-04 20:53:00,3141.61,3142.21,3141.6,3142.21,18.3577,2026-01-04 20:53:59.999,57679.58740300,439,17.77950000,55862.85017500,0
2026-01-04 20:54:00,3142.2,3142.21,3141.73,3141.74,67.1683,2026-01-04 20:54:59.999,211046.45968500,344,17.50310000,54990.20589100,0
2026-01-04 20:55:00,3141.73,3141.77,3141.2,3141.77,64.8957,2026-01-04 20:55:59.999,203881.38871100,589,40.28810000,126572.00689400,0
2026-01-04 20:56:00,3141.76,3141.95,3141.76,3141.95,38.3252,2026-01-04 20:56:59.999,120414.79305700,354,24.36180000,76542.66109100,0
2026-01-04 20:57:00,3141.95,3141.95,3141.03,3141.05,50.2054,2026-01-04 20:57:59.999,157726.14091500,795,15.77770000,49565.50648900,0
2026-01-04 20:58:00,3141.04,3141.06,3140.57,3140.84,95.2586,2026-01-04 20:58:59.999,299205.46688500,651,80.44680000,252681.69492900,0
2026-01-04 20:59:00,3140.85,3142.09,3140.84,3142.09,71.9641,2026-01-04 20:59:59.999,226076.08896500,646,70.67620000,222030.63865800,0
2026-01-04 21:00:00,3142.09,3142.09,3140.12,3140.46,158.3323,2026-01-04 21:00:59.999,497307.75347500,1822,49.09780000,154202.48069400,0
2026-01-04 21:01:00,3140.46,3140.86,3139.64,3139.94,33.8193,2026-01-04 21:01:59.999,106198.20536500,1190,13.33280000,41865.08469200,0
2026-01-04 21:02:00,3139.95,3140.4,3139.64,3139.76,69.8294,2026-01-04 21:02:59.999,219264.49576100,1188,58.50450000,183704.70837600,0
2026-01-04 21:03:00,3139.76,3142.73,3139.76,3142.56,76.3932,2026-01-04 21:03:59.999,239988.18280400,2133,48.34590000,151853.12599200,0
2026-01-04 21:04:00,3142.57,3143.0,3142.56,3142.99,20.2678,2026-01-04 21:04:59.999,63699.66179100,351,5.78400000,18177.74386700,0
2026-01-04 21:05:00,3142.98,3143.5,3142.98,3142.98,127.797,2026-01-04 21:05:59.999,401672.10706000,749,56.16260000,176521.59839400,0
2026-01-04 21:06:00,3142.98,3145.76,3142.63,3143.86,462.7179,2026-01-04 21:06:59.999,1455003.57623900,2995,387.60580000,1218841.96725100,0
2026-01-04 21:07:00,3143.86,3143.86,3143.0,3143.54,58.7512,2026-01-04 21:07:59.999,184674.06222500,704,9.64550000,30318.27164300,0
2026-01-04 21:08:00,3143.53,3145.13,3143.38,3144.75,89.4086,2026-01-04 21:08:59.999,281114.59991800,1342,27.48420000,86422.96765800,0
2026-01-04 21:09:00,3144.75,3145.73,3144.49,3144.49,142.7259,2026-01-04 21:09:59.999,448916.76789700,1325,79.87960000,251239.94005500,0
2026-01-04 21:10:00,3144.5,3146.1,3144.25,3146.09,70.7884,2026-01-04 21:10:59.999,222662.85989900,1288,30.58660000,96200.79074600,0
2026-01-04 21:11:00,3146.1,3149.89,3146.09,3146.09,879.4832,2026-01-04 21:11:59.999,2768820.96334300,5976,491.82630000,1548336.71596100,0
2026-01-04 21:12:00,3146.09,3146.96,3144.33,3144.81,167.8448,2026-01-04 21:12:59.999,527943.11893100,1767,91.62600000,288199.04819400,0
2026-01-04 21:13:00,3144.82,3155.85,3144.82,3154.09,1431.9707,2026-01-04 21:13:59.999,4513154.52536100,5150,1084.83860000,3418454.73265800,0
2026-01-04 21:14:00,3154.09,3154.58,3149.07,3149.37,693.51,2026-01-04 21:14:59.999,2185342.79477000,3936,158.37430000,499070.80553400,0
2026-01-04 21:15:00,3149.37,3150.75,3148.04,3148.63,143.634,2026-01-04 21:15:59.999,452352.34649500,2640,63.99600000,201562.13920000,0
2026-01-04 21:16:00,3148.63,3148.83,3147.82,3148.25,55.4839,2026-01-04 21:16:59.999,174672.96524700,1597,21.33060000,67151.91511400,0
2026-01-04 21:17:00,3148.25,3148.26,3147.08,3147.24,76.4982,2026-01-04 21:17:59.999,240781.07132900,1258,38.22410000,120308.21042500,0
2026-01-04 21:18:00,3147.25,3148.41,3147.17,3147.17,41.4848,2026-01-04 21:18:59.999,130590.89380100,1438,18.82330000,59253.60858200,0
2026-01-04 21:19:00,3147.17,3147.64,3145.69,3146.84,136.6542,2026-01-04 21:19:59.999,429982.14290000,1035,51.29080000,161368.42426500,0
2026-01-04 21:20:00,3146.84,3147.62,3146.84,3147.35,18.3203,2026-01-04 21:20:59.999,57660.69873100,478,9.45250000,29748.85795300,0
2026-01-04 21:21:00,3147.35,3147.36,3147.35,3147.36,5.0086,2026-01-04 21:21:59.999,15763.85393200,101,3.67220000,11557.73539200,0
2026-01-04 21:22:00,3147.36,3147.62,3146.74,3146.99,130.3488,2026-01-04 21:22:59.999,410229.68039100,716,38.51380000,121204.09681500,0
2026-01-04 21:23:00,3146.99,3146.99,3145.0,3145.93,251.8592,2026-01-04 21:23:59.999,792298.71284400,1535,111.53210000,350805.76683300,0
2026-01-04 21:24:00,3145.93,3146.28,3144.68,3144.68,107.8785,2026-01-04 21:24:59.999,339354.79816300,652,4.47670000,14081.18457700,0
2026-01-04 21:25:00,3144.68,3145.88,3144.68,3145.5,57.997,2026-01-04 21:25:59.999,182421.16857500,647,24.19230000,76083.61659400,0
2026-01-04 21:26:00,3145.5,3146.2,3145.5,3146.03,38.7956,2026-01-04 21:26:59.999,122039.31196900,419,36.75190000,115610.19683700,0
2026-01-04 21:27:00,3146.04,3146.04,3146.03,3146.03,36.4972,2026-01-04 21:27:59.999,114821.63186000,151,34.57440000,108772.44537600,0
2026-01-04 21:28:00,3146.04,3146.04,3145.5,3145.5,41.4065,2026-01-04 21:28:59.999,130261.06331100,481,2.75190000,8656.59910600,0
2026-01-04 21:29:00,3145.5,3145.51,3141.91,3141.91,358.4814,2026-01-04 21:29:59.999,1126941.04737600,1908,99.72300000,313445.52978000,0
2026-01-04 21:30:00,3141.92,3143.42,3141.91,3143.41,70.6051,2026-01-04 21:30:59.999,221884.02092700,739,67.45820000,211992.77969400,0
2026-01-04 21:31:00,3143.42,3144.0,3143.41,3144.0,26.7711,2026-01-04 21:31:59.999,84163.53409800,250,25.59060000,80452.08487500,0
2026-01-04 21:32:00,3144.0,3144.82,3143.25,3143.55,100.6624,2026-01-04 21:32:59.999,316489.07447600,1363,50.80080000,159720.38286400,0
2026-01-04 21:33:00,3143.54,3143.81,3143.24,3143.81,55.8167,2026-01-04 21:33:59.999,175464.98649000,618,23.44930000,73713.41775800,0
2026-01-04 21:34:00,3143.8,3145.91,3143.8,3145.91,36.3648,2026-01-04 21:34:59.999,114358.91504000,564,28.75910000,90438.26704800,0
2026-01-04 21:35:00,3145.91,3145.91,3145.0,3145.0,29.4753,2026-01-04 21:35:59.999,92714.02921400,569,0.42410000,1333.82046100,0
2026-01-04 21:36:00,3145.01,3145.34,3145.0,3145.33,9.9346,2026-01-04 21:36:59.999,31244.60507600,157,4.16560000,13101.09360800,0
2026-01-04 21:37:00,3145.33,3146.58,3145.33,3146.57,35.0583,2026-01-04 21:37:59.999,110290.31938500,518,27.51080000,86545.66914100,0
2026-01-04 21:38:00,3146.57,3146.58,3144.25,3144.25,66.2707,2026-01-04 21:38:59.999,208477.49387600,1516,3.28500000,10333.43952600,0
2026-01-04 21:39:00,3144.26,3144.26,3142.3,3142.31,40.3143,2026-01-04 21:39:59.999,126712.34582000,1196,3.09080000,9715.37621300,0
2026-01-04 21:40:00,3142.31,3142.31,3140.0,3141.51,125.8867,2026-01-04 21:40:59.999,395385.98357100,1527,67.68260000,212572.22677700,0
2026-01-04 21:41:00,3141.51,3141.51,3138.17,3138.4,221.4188,2026-01-04 21:41:59.999,695129.45651300,1525,25.20360000,79116.90743300,0
2026-01-04 21:42:00,3138.4,3140.45,3138.4,3140.44,43.909,2026-01-04 21:42:59.999,137859.04553600,832,32.29010000,101376.11995900,0
2026-01-04 21:43:00,3140.45,3140.54,3139.44,3139.45,25.824,2026-01-04 21:43:59.999,81087.01518900,536,2.11330000,6635.34168300,0
2026-01-04 21:44:00,3139.44,3139.44,3138.86,3138.86,36.5563,2026-01-04 21:44:59.999,114749.77857500,418,18.88700000,59284.13559900,0
2026-01-04 21:45:00,3138.87,3138.87,3137.75,3137.75,64.9785,2026-01-04 21:45:59.999,203926.56020900,848,14.50770000,45528.85917400,0
2026-01-04 21:46:00,3137.76,3139.9,3137.76,3139.43,48.5791,2026-01-04 21:46:59.999,152487.47649300,1339,29.61420000,92944.21238700,0
2026-01-04 21:47:00,3139.43,3140.0,3139.43,3139.51,12.5393,2026-01-04 21:47:59.999,39369.70708900,361,5.66780000,17794.35707200,0
2026-01-04 21:48:00,3139.52,3139.67,3137.98,3137.99,26.0003,2026-01-04 21:48:59.999,81605.55775100,954,1.24630000,3912.01141700,0
2026-01-04 21:49:00,3137.98,3137.99,3137.98,3137.99,26.4945,2026-01-04 21:49:59.999,83139.39996600,168,18.88560000,59262.82394400,0
2026-01-04 21:50:00,3137.98,3138.71,3137.75,3138.7,20.3571,2026-01-04 21:50:59.999,63885.38672600,378,16.69290000,52385.78263400,0
2026-01-04 21:51:00,3138.7,3139.9,3138.7,3139.9,35.6967,2026-01-04 21:51:59.999,112064.24072700,437,31.37960000,98511.81811700,0
2026-01-04 21:52:00,3139.89,3140.29,3139.89,3140.18,22.2224,2026-01-04 21:52:59.999,69781.37053400,465,10.90640000,34247.53228700,0
2026-01-04 21:53:00,3140.18,3143.55,3140.18,3143.55,397.2017,2026-01-04 21:53:59.999,1247952.91356700,1191,364.87450000,1146363.86515600,0
2026-01-04 21:54:00,3143.54,3144.84,3143.4,3143.9,43.602,2026-01-04 21:54:59.999,137092.45663400,878,22.39660000,70415.58968100,0
2026-01-04 21:55:00,3143.89,3144.22,3143.89,3144.22,28.6748,2026-01-04 21:55:59.999,90157.25340300,248,24.75770000,77841.26463100,0
2026-01-04 21:56:00,3144.22,3144.91,3144.22,3144.9,64.554,2026-01-04 21:56:59.999,203004.18135800,244,59.25800000,186349.02720800,0
2026-01-04 21:57:00,3144.91,3144.91,3144.12,3144.13,32.5804,2026-01-04 21:57:59.999,102451.70856800,386,5.54850000,17448.61792500,0
2026-01-04 21:58:00,3144.12,3144.13,3144.12,3144.13,4.7709,2026-01-04 21:58:59.999,15000.30258600,44,2.04780000,6438.54941400,0
2026-01-04 21:59:00,3144.12,3145.45,3144.12,3145.44,24.8328,2026-01-04 21:59:59.999,78087.79486600,309,22.57720000,70995.26540100,0
2026-01-04 22:00:00,3145.44,3145.44,3143.24,3143.39,82.8697,2026-01-04 22:00:59.999,260560.07106100,1574,11.48490000,36111.45797100,0
2026-01-04 22:01:00,3143.4,3146.0,3143.39,3146.0,81.0909,2026-01-04 22:01:59.999,254993.09220100,1360,62.80830000,197494.09040800,0
2026-01-04 22:02:00,3145.99,3147.66,3145.99,3147.65,39.1232,2026-01-04 22:02:59.999,123116.06465800,667,36.06920000,113504.74311000,0
2026-01-04 22:03:00,3147.66,3148.88,3147.65,3148.88,116.8874,2026-01-04 22:03:59.999,367974.02024800,865,105.90400000,333396.28423800,0
2026-01-04 22:04:00,3148.88,3149.78,3147.97,3149.7,108.2692,2026-01-04 22:04:59.999,340915.43562900,1759,69.38980000,218501.11560200,0
2026-01-04 22:05:00,3149.69,3150.36,3149.69,3150.35,75.3919,2026-01-04 22:05:59.999,237496.14587800,477,38.75560000,122079.93169100,0
2026-01-04 22:06:00,3150.36,3150.36,3146.49,3146.5,71.1626,2026-01-04 22:06:59.999,224041.13184100,1668,5.18990000,16347.42064000,0
2026-01-04 22:07:00,3146.5,3147.16,3146.49,3147.16,40.4921,2026-01-04 22:07:59.999,127412.01997000,174,36.56640000,115058.65510800,0
2026-01-04 22:08:00,3147.16,3149.3,3147.16,3148.99,37.3286,2026-01-04 22:08:59.999,117539.08843600,709,15.28380000,48117.39838300,0
2026-01-04 22:09:00,3148.98,3148.99,3148.92,3148.93,11.9909,2026-01-04 22:09:59.999,37758.63468200,192,5.20190000,16380.48759500,0
2026-01-04 22:10:00,3148.92,3148.93,3148.44,3148.44,14.686,2026-01-04 22:10:59.999,46239.64700600,327,4.12790000,12996.72238700,0
2026-01-04 22:11:00,3148.44,3148.53,3148.44,3148.45,43.1985,2026-01-04 22:11:59.999,136008.37046700,163,39.60280000,124687.51570500,0
2026-01-04 22:12:00,3148.44,3148.45,3148.35,3148.36,8.3344,2026-01-04 22:12:59.999,26240.32200000,167,6.14020000,19332.04322000,0
2026-01-04 22:13:00,3148.35,3148.35,3137.79,3138.75,718.4635,2026-01-04 22:13:59.999,2257518.15502100,4940,197.54100000,620167.25495200,0
2026-01-04 22:14:00,3138.74,3141.11,3138.5,3141.11,50.3292,2026-01-04 22:14:59.999,158037.89353200,1135,33.88410000,106393.99566700,0
2026-01-04 22:15:00,3141.1,3141.1,3136.89,3136.92,95.9008,2026-01-04 22:15:59.999,300916.32833600,1595,39.41880000,123678.66891700,0
2026-01-04 22:16:00,3136.93,3141.83,3136.93,3141.82,251.0545,2026-01-04 22:16:59.999,788237.06320300,1908,234.19990000,735315.74523900,0
2026-01-04 22:17:00,3141.82,3142.65,3140.87,3140.87,55.3868,2026-01-04 22:17:59.999,174018.25271800,1064,19.02890000,59785.01927800,0
2026-01-04 22:18:00,3140.87,3141.94,3140.87,3141.46,81.9779,2026-01-04 22:18:59.999,257518.07746800,434,55.92110000,175650.82670500,0
2026-01-04 22:19:00,3141.47,3143.38,3141.47,3143.0,67.6032,2026-01-04 22:19:59.999,212432.94489900,823,47.67870000,149803.51532700,0
2026-01-04 22:20:00,3143.01,3143.38,3142.08,3142.08,70.9844,2026-01-04 22:20:59.999,223104.89888000,667,27.87870000,87618.61756800,0
2026-01-04 22:21:00,3142.08,3142.89,3142.08,3142.46,34.9368,2026-01-04 22:21:59.999,109780.61812900,383,28.67750000,90109.13655800,0
2026-01-04 22:22:00,3142.45,3142.46,3141.51,3141.52,32.0075,2026-01-04 22:22:59.999,100574.37734700,228,8.00130000,25142.51748100,0
2026-01-04 22:23:00,3141.51,3141.96,3141.3,3141.3,42.2286,2026-01-04 22:23:59.999,132665.41108200,259,34.70860000,109039.12866400,0
2026-01-04 22:24:00,3141.3,3141.3,3140.0,3140.01,11.3372,2026-01-04 22:24:59.999,35605.91249800,222,4.14600000,13020.23600500,0
2026-01-04 22:25:00,3140.01,3140.9,3140.01,3140.07,72.3298,2026-01-04 22:25:59.999,227143.22743500,654,46.97640000,147515.61124800,0
2026-01-04 22:26:00,3140.07,3140.41,3139.92,3140.41,18.4252,2026-01-04 22:26:59.999,57858.67490700,268,12.53930000,39374.96497300,0
2026-01-04 22:27:00,3140.4,3140.41,3140.14,3140.15,21.9643,2026-01-04 22:27:59.999,68975.73747400,97,4.14460000,13015.18569000,0
2026-01-04 22:28:00,3140.15,3141.76,3140.15,3141.32,69.768,2026-01-04 22:28:59.999,219113.03450200,634,53.85520000,169120.73109900,0
2026-01-04 22:29:00,3141.31,3141.32,3141.31,3141.32,4.1765,2026-01-04 22:29:59.999,13119.72074800,99,3.95330000,12418.58035600,0
2026-01-04 22:30:00,3141.32,3141.32,3140.69,3141.28,26.6985,2026-01-04 22:30:59.999,83860.01678200,367,9.86860000,30996.71794700,0
2026-01-04 22:31:00,3141.27,3142.0,3141.27,3141.99,6.084,2026-01-04 22:31:59.999,19113.68477900,288,5.41600000,17015.19531500,0
2026-01-04 22:32:00,3142.0,3142.0,3141.84,3141.84,12.2179,2026-01-04 22:32:59.999,38387.18013000,63,3.74710000,11772.93250600,0
2026-01-04 22:33:00,3141.84,3141.84,3140.0,3140.01,21.7986,2026-01-04 22:33:59.999,68468.62936300,316,4.03330000,12664.70907300,0
2026-01-04 22:34:00,3140.01,3140.01,3139.69,3139.69,25.1406,2026-01-04 22:34:59.999,78940.91348100,94,3.69710000,11608.62751200,0
2026-01-04 22:35:00,3139.69,3139.7,3139.59,3139.6,29.0466,2026-01-04 22:35:59.999,91196.97385800,85,3.21840000,10104.57510900,0
2026-01-04 22:36:00,3139.6,3139.6,3138.54,3138.86,114.5253,2026-01-04 22:36:59.999,359478.15952500,431,96.10900000,301661.36760900,0
2026-01-04 22:37:00,3138.86,3138.87,3138.39,3138.48,220.2985,2026-01-04 22:37:59.999,691476.49231300,285,19.81230000,62179.37506800,0
2026-01-04 22:38:00,3138.49,3139.15,3138.03,3138.04,24.6802,2026-01-04 22:38:59.999,77461.11281900,394,14.14700000,44400.67000600,0
2026-01-04 22:39:00,3138.04,3138.04,3137.99,3137.99,41.5704,2026-01-04 22:39:59.999,130447.99129400,82,29.57950000,92820.53063800,0
2026-01-04 22:40:00,3138.0,3138.0,3137.01,3137.01,233.8858,2026-01-04 22:40:59.999,733930.31947900,422,222.05150000,696797.14850400,0
2026-01-04 22:41:00,3137.0,3138.0,3137.0,3137.99,48.679,2026-01-04 22:41:59.999,152745.73901400,420,40.57810000,127325.68099400,0
2026-01-04 22:42:00,3137.99,3138.31,3137.99,3138.31,209.6345,2026-01-04 22:42:59.999,657834.68807900,256,207.13180000,649980.84367500,0
2026-01-04 22:43:00,3138.31,3138.51,3137.52,3137.53,94.5911,2026-01-04 22:43:59.999,296851.06546300,368,52.89920000,166014.57273500,0
2026-01-04 22:44:00,3137.52,3137.53,3137.06,3137.07,5.8006,2026-01-04 22:44:59.999,18198.69891100,212,1.17810000,3696.06839300,0
2026-01-04 22:45:00,3137.06,3138.44,3137.06,3137.98,107.9053,2026-01-04 22:45:59.999,338570.43277000,574,80.63490000,252992.19690200,0
2026-01-04 22:46:00,3137.97,3140.5,3137.96,3140.12,140.7807,2026-01-04 22:46:59.999,441963.71878700,1156,99.14550000,311216.19233000,0
2026-01-04 22:47:00,3140.12,3140.13,3139.23,3139.71,42.8197,2026-01-04 22:47:59.999,134433.90478400,466,23.68150000,74348.00240400,0
2026-01-04 22:48:00,3139.7,3139.71,3139.64,3139.64,10.5526,2026-01-04 22:48:59.999,33131.63450700,129,7.89510000,24787.96008300,0
2026-01-04 22:49:00,3139.64,3139.65,3139.64,3139.65,2.2152,2026-01-04 22:49:59.999,6954.93913900,66,0.86110000,2703.55261500,0
2026-01-04 22:50:00,3139.64,3139.64,3139.12,3139.3,27.5045,2026-01-04 22:50:59.999,86346.52710500,282,9.96050000,31267.66633700,0
2026-01-04 22:51:00,3139.31,3139.98,3139.3,3139.85,33.0749,2026-01-04 22:51:59.999,103847.20503900,386,27.47420000,86261.24681300,0
2026-01-04 22:52:00,3139.85,3139.88,3139.84,3139.87,8.2285,2026-01-04 22:52:59.999,25836.36663900,191,3.14930000,9888.39216300,0
2026-01-04 22:53:00,3139.88,3139.88,3139.18,3139.18,13.9625,2026-01-04 22:53:59.999,43835.53015000,324,0.64210000,2015.69764400,0
2026-01-04 22:54:00,3139.18,3139.18,3136.44,3137.69,95.5372,2026-01-04 22:54:59.999,299721.70784000,1245,42.71630000,133995.58335400,0
2026-01-04 22:55:00,3137.69,3138.0,3136.44,3136.85,54.2929,2026-01-04 22:55:59.999,170342.82961300,832,13.20850000,41430.89451800,0
2026-01-04 22:56:00,3136.84,3137.5,3136.84,3137.33,10.6363,2026-01-04 22:56:59.999,33369.95773100,418,2.66700000,8366.46551100,0
2026-01-04 22:57:00,3137.34,3138.59,3137.34,3138.5,40.8337,2026-01-04 22:57:59.999,128140.29081000,827,27.97050000,87773.14456200,0
2026-01-04 22:58:00,3138.49,3139.17,3138.49,3139.16,15.8338,2026-01-04 22:58:59.999,49695.15361600,199,15.14010000,47517.95201500,0
2026-01-04 22:59:00,3139.17,3141.4,3139.17,3139.37,86.6911,2026-01-04 22:59:59.999,272256.61010500,1409,57.53560000,180687.11876900,0
2026-01-04 23:00:00,3139.37,3143.11,3139.37,3143.03,122.7396,2026-01-04 23:00:59.999,385622.94442500,1532,99.65170000,313069.42267200,0
2026-01-04 23:01:00,3143.02,3153.7,3143.02,3151.11,503.7845,2026-01-04 23:01:59.999,1586571.29190200,5822,413.04880000,1300760.89231900,0
2026-01-04 23:02:00,3151.12,3151.85,3148.25,3149.93,260.3415,2026-01-04 23:02:59.999,820064.78672600,4110,108.48180000,341750.52942100,0
2026-01-04 23:03:00,3149.92,3151.25,3147.04,3151.09,171.2264,2026-01-04 23:03:59.999,539357.29004200,4908,48.98390000,154297.91567200,0
2026-01-04 23:04:00,3151.09,3152.34,3148.24,3149.85,130.6841,2026-01-04 23:04:59.999,411751.26159300,4159,79.68170000,251061.92446300,0
2026-01-04 23:05:00,3149.86,3151.11,3148.24,3148.51,88.3333,2026-01-04 23:05:59.999,278236.37939200,3527,38.26160000,120523.04337300,0
2026-01-04 23:06:00,3148.51,3149.48,3147.59,3149.47,88.5712,2026-01-04 23:06:59.999,278884.61389700,1537,37.06210000,116700.06110600,0
2026-01-04 23:07:00,3149.47,3151.38,3146.27,3146.51,150.1845,2026-01-04 23:07:59.999,472859.85256200,3318,27.84860000,87689.65836000,0
2026-01-04 23:08:00,3146.52,3148.5,3145.3,3147.85,76.0458,2026-01-04 23:08:59.999,239316.10340800,1667,27.55790000,86726.16987900,0
2026-01-04 23:09:00,3147.85,3148.26,3146.05,3146.34,47.161,2026-01-04 23:09:59.999,148437.43853600,1005,12.75640000,40151.27148800,0
2026-01-04 23:10:00,3146.35,3147.84,3146.0,3147.49,63.1721,2026-01-04 23:10:59.999,198817.44768600,1228,28.61630000,90060.92690100,0
2026-01-04 23:11:00,3147.49,3148.86,3146.55,3148.25,112.5555,2026-01-04 23:11:59.999,354305.33566600,1349,48.29170000,152005.94763600,0
2026-01-04 23:12:00,3148.26,3148.97,3147.01,3147.01,44.134,2026-01-04 23:12:59.999,138950.04167000,1029,14.21710000,44764.00224300,0
2026-01-04 23:13:00,3147.01,3147.01,3140.0,3140.99,299.2048,2026-01-04 23:13:59.999,940579.41228700,3136,32.93350000,103484.61186700,0
2026-01-04 23:14:00,3140.99,3141.21,3137.44,3139.43,471.6979,2026-01-04 23:14:59.999,1480485.18222400,3177,80.61870000,253032.81847500,0
2026-01-04 23:15:00,3139.44,3141.0,3136.41,3137.01,161.4028,2026-01-04 23:15:59.999,506561.60048400,3216,34.04290000,106857.99519700,0
2026-01-04 23:16:00,3137.03,3140.89,3137.03,3140.5,79.811,2026-01-04 23:16:59.999,250549.55530400,1724,44.40950000,139418.71044500,0
2026-01-04 23:17:00,3140.5,3141.36,3139.61,3140.49,100.2679,2026-01-04 23:17:59.999,314865.17252900,1680,64.55510000,202705.79948500,0
2026-01-04 23:18:00,3140.49,3140.85,3139.85,3140.12,62.5606,2026-01-04 23:18:59.999,196459.89296500,1130,21.83390000,68562.74592900,0
2026-01-04 23:19:00,3140.12,3141.97,3139.88,3141.97,46.3412,2026-01-04 23:19:59.999,145558.62519800,1083,42.65500000,133983.33488300,0
2026-01-04 23:20:00,3141.97,3142.0,3140.98,3141.81,35.2946,2026-01-04 23:20:59.999,110879.59893400,1049,18.70060000,58746.78187400,0
2026-01-04 23:21:00,3141.81,3144.64,3141.81,3142.51,131.422,2026-01-04 23:21:59.999,413106.19190000,2562,85.17120000,267703.03611400,0
2026-01-04 23:22:00,3142.51,3145.34,3142.36,3145.33,122.0601,2026-01-04 23:22:59.999,383690.55636600,1795,113.66400000,357303.13272500,0
2026-01-04 23:23:00,3145.34,3148.2,3144.9,3147.8,140.52,2026-01-04 23:23:59.999,442179.21455400,2536,86.36370000,271737.21808100,0
2026-01-04 23:24:00,3147.79,3147.79,3144.02,3144.03,66.7119,2026-01-04 23:24:59.999,209882.63916700,1662,1.60720000,5056.47053600,0
2026-01-04 23:25:00,3144.03,3146.0,3142.41,3144.64,82.0097,2026-01-04 23:25:59.999,257873.28087700,2616,35.78300000,112499.17278600,0
2026-01-04 23:26:00,3144.65,3146.85,3144.65,3146.84,14.0155,2026-01-04 23:26:59.999,44086.87705700,1038,12.66670000,39843.96268700,0
2026-01-04 23:27:00,3146.84,3148.26,3146.44,3147.37,74.8057,2026-01-04 23:27:59.999,235443.42494300,2167,35.58690000,112004.04852900,0
2026-01-04 23:28:00,3147.37,3147.37,3140.86,3142.89,182.5973,2026-01-04 23:28:59.999,574106.61032000,3611,58.79760000,184888.53134900,0
2026-01-04 23:29:00,3142.89,3143.24,3142.04,3142.96,70.8716,2026-01-04 23:29:59.999,222720.57554400,1658,31.73910000,99734.26693600,0
2026-01-04 23:30:00,3142.96,3143.86,3141.5,3143.29,131.9274,2026-01-04 23:30:59.999,414656.45305700,3475,82.85260000,260406.61494600,0
2026-01-04 23:31:00,3143.3,3143.48,3141.94,3143.35,63.6039,2026-01-04 23:31:59.999,199889.52823500,2067,32.05280000,100732.13275500,0
2026-01-04 23:32:00,3143.35,3143.55,3141.55,3141.56,32.608,2026-01-04 23:32:59.999,102472.35581800,1071,3.72660000,11712.59918000,0
2026-01-04 23:33:00,3141.55,3141.98,3140.17,3141.34,64.58,2026-01-04 23:33:59.999,202863.71761300,2011,15.35220000,48222.89112500,0
2026-01-04 23:34:00,3141.34,3143.39,3140.54,3143.38,41.6749,2026-01-04 23:34:59.999,130917.33570200,1933,25.73800000,80857.76217200,0
2026-01-04 23:35:00,3143.39,3144.89,3142.0,3142.0,150.9282,2026-01-04 23:35:59.999,474505.33037800,3203,48.78390000,153377.61571700,0
2026-01-04 23:36:00,3142.0,3142.0,3140.1,3140.1,50.046,2026-01-04 23:36:59.999,157205.98175000,1229,5.35860000,16828.13786400,0
2026-01-04 23:37:00,3140.1,3140.11,3138.0,3139.46,160.6161,2026-01-04 23:37:59.999,504193.82408600,1634,68.81990000,216009.06766900,0
2026-01-04 23:38:00,3139.47,3141.0,3139.46,3141.0,84.7214,2026-01-04 23:38:59.999,266053.67316100,1200,38.12730000,119721.45303000,0
2026-01-04 23:39:00,3141.0,3142.25,3140.99,3141.99,27.6831,2026-01-04 23:39:59.999,86974.69928700,622,11.47130000,36035.52553900,0
2026-01-04 23:40:00,3142.0,3142.07,3140.8,3140.8,50.9884,2026-01-04 23:40:59.999,160176.80105000,927,5.20960000,16365.73208000,0
2026-01-04 23:41:00,3140.8,3140.8,3138.44,3140.15,80.7863,2026-01-04 23:41:59.999,253638.36149500,1952,35.87060000,112612.40809800,0
2026-01-04 23:42:00,3140.15,3140.15,3139.17,3139.41,22.048,2026-01-04 23:42:59.999,69216.34596600,694,15.20490000,47731.96673400,0
2026-01-04 23:43:00,3139.41,3139.45,3138.55,3139.45,66.7477,2026-01-04 23:43:59.999,209530.17422000,1135,19.11850000,60010.84009200,0
2026-01-04 23:44:00,3139.44,3139.44,3138.73,3138.94,17.4409,2026-01-04 23:44:59.999,54749.58589000,507,5.99600000,18820.90162500,0
2026-01-04 23:45:00,3138.95,3139.44,3137.88,3138.08,61.0677,2026-01-04 23:45:59.999,191662.98422600,1597,28.57960000,89692.90615300,0
2026-01-04 23:46:00,3138.08,3138.8,3137.31,3137.31,56.5951,2026-01-04 23:46:59.999,177605.25629700,1407,21.40580000,67178.18674500,0
2026-01-04 23:47:00,3137.31,3138.5,3137.31,3137.71,38.4967,2026-01-04 23:47:59.999,120799.00007700,940,14.44100000,45313.40501200,0
2026-01-04 23:48:00,3137.71,3137.71,3134.67,3135.27,239.1433,2026-01-04 23:48:59.999,749906.91555500,2518,15.36060000,48166.49681900,0
2026-01-04 23:49:00,3135.28,3140.64,3135.28,3138.44,70.426,2026-01-04 23:49:59.999,221025.67711700,2898,35.97840000,112890.64610100,0
2026-01-04 23:50:00,3138.43,3142.0,3138.3,3141.0,128.3681,2026-01-04 23:50:59.999,403156.35327700,2898,95.85690000,301034.32585000,0
2026-01-04 23:51:00,3141.01,3142.07,3140.23,3140.24,63.1182,2026-01-04 23:51:59.999,198269.98297200,1686,20.70750000,65043.70716000,0
2026-01-04 23:52:00,3140.23,3142.21,3140.23,3141.2,72.8942,2026-01-04 23:52:59.999,228990.28450700,1101,43.95490000,138069.95442800,0
2026-01-04 23:53:00,3141.19,3141.5,3140.57,3141.09,69.4953,2026-01-04 23:53:59.999,218293.61715000,1037,41.94950000,131765.80570900,0
2026-01-04 23:54:00,3141.09,3141.7,3140.6,3141.03,27.5596,2026-01-04 23:54:59.999,86565.66439600,831,14.70070000,46173.37765100,0
2026-01-04 23:55:00,3141.03,3141.69,3140.12,3140.13,65.4722,2026-01-04 23:55:59.999,205667.75481200,1443,5.02200000,15775.94436800,0
2026-01-04 23:56:00,3140.13,3141.13,3140.12,3141.12,30.3252,2026-01-04 23:56:59.999,95242.04102500,500,17.43770000,54764.91675000,0
2026-01-04 23:57:00,3141.12,3142.41,3141.12,3142.41,25.8017,2026-01-04 23:57:59.999,81058.23000000,1180,18.79710000,59053.41741400,0
2026-01-04 23:58:00,3142.4,3143.55,3141.55,3142.87,38.822,2026-01-04 23:58:59.999,122000.33988600,1617,21.15270000,66474.40597900,0
2026-01-04 23:59:00,3142.87,3146.57,3142.53,3144.7,162.5328,2026-01-04 23:59:59.999,511063.34910500,2398,142.83680000,449110.85489400,0
2026-01-05 00:00:00,3144.71,3146.83,3143.93,3146.09,215.7413,2026-01-05 00:00:59.999,678581.93170100,4376,132.24260000,415947.22113800,0
2026-01-05 00:01:00,3146.1,3162.55,3146.09,3154.38,2751.1482,2026-01-05 00:01:59.999,8683668.43442900,15393,1713.75670000,5407841.06006100,0
2026-01-05 00:02:00,3154.37,3158.96,3153.73,3156.57,361.8496,2026-01-05 00:02:59.999,1142148.89069200,8513,229.59420000,724673.09125600,0
2026-01-05 00:03:00,3156.56,3159.63,3155.49,3158.19,272.4981,2026-01-05 00:03:59.999,860478.28690600,7217,154.76210000,488706.15373400,0
2026-01-05 00:04:00,3158.18,3160.29,3149.05,3150.16,716.6393,2026-01-05 00:04:59.999,2259800.27111400,9506,299.08300000,943334.06155400,0
2026-01-05 00:05:00,3150.19,3150.87,3145.01,3147.38,570.15,2026-01-05 00:05:59.999,1794355.30308900,7259,242.82380000,764202.17241900,0
2026-01-05 00:06:00,3147.39,3149.6,3145.7,3147.84,205.9821,2026-01-05 00:06:59.999,648369.44889700,5082,109.53750000,344756.98816000,0
2026-01-05 00:07:00,3147.84,3152.52,3147.84,3152.51,417.8837,2026-01-05 00:07:59.999,1316223.57051700,4638,281.93970000,888039.04006600,0
2026-01-05 00:08:00,3152.51,3152.59,3148.0,3148.7,112.7988,2026-01-05 00:08:59.999,355380.84389000,4469,37.99250000,119698.48354400,0
2026-01-05 00:09:00,3148.7,3149.5,3146.88,3149.5,265.8962,2026-01-05 00:09:59.999,836970.52010700,4097,45.34350000,142749.76564900,0
2026-01-05 00:10:00,3149.49,3150.0,3147.93,3149.0,78.7047,2026-01-05 00:10:59.999,247829.65156100,2050,38.42170000,120974.79607400,0
2026-01-05 00:11:00,3149.01,3151.0,3147.61,3151.0,79.1954,2026-01-05 00:11:59.999,249359.87260500,2675,36.23170000,114086.64934700,0
2026-01-05 00:12:00,3150.99,3152.75,3150.83,3152.25,148.1803,2026-01-05 00:12:59.999,467025.34123200,3110,98.64380000,310891.76603600,0
2026-01-05 00:13:00,3152.25,3154.95,3152.25,3154.45,176.7424,2026-01-05 00:13:59.999,557400.30287000,3209,98.44120000,310445.56050300,0
2026-01-05 00:14:00,3154.44,3155.89,3153.55,3153.81,210.7569,2026-01-05 00:14:59.999,664819.01960000,2618,126.34650000,398550.65937400,0
2026-01-05 00:15:00,3153.81,3160.3,3153.81,3157.83,448.682,2026-01-05 00:15:59.999,1416756.25138100,7445,294.69400000,930487.82847000,0
2026-01-05 00:16:00,3157.83,3159.71,3155.33,3157.95,145.963,2026-01-05 00:16:59.999,460853.36910000,4834,68.33860000,215776.22415300,0
2026-01-05 00:17:00,3157.96,3158.0,3154.29,3154.89,107.3414,2026-01-05 00:17:59.999,338720.00885900,2827,32.65110000,103015.43835700,0
2026-01-05 00:18:00,3154.9,3156.94,3154.44,3154.44,89.8959,2026-01-05 00:18:59.999,283693.13754000,2190,42.35910000,133685.82054300,0
2026-01-05 00:19:00,3154.45,3157.77,3154.45,3154.63,206.0287,2026-01-05 00:19:59.999,650220.21418400,3934,100.18250000,316154.55621400,0
2026-01-05 00:20:00,3154.62,3154.63,3151.38,3152.84,196.1917,2026-01-05 00:20:59.999,618463.55931600,4005,64.81700000,204298.00566500,0
2026-01-05 00:21:00,3152.85,3154.0,3152.43,3153.15,108.3843,2026-01-05 00:21:59.999,341741.99351800,2926,40.52600000,127774.92849400,0
2026-01-05 00:22:00,3153.14,3153.14,3148.15,3148.54,166.9503,2026-01-05 00:22:59.999,525985.90252800,4354,36.50160000,114997.28241700,0
2026-01-05 00:23:00,3148.55,3148.55,3143.54,3146.52,472.8295,2026-01-05 00:23:59.999,1487451.67294000,5777,210.64860000,662608.92919000,0
2026-01-05 00:24:00,3146.53,3147.09,3144.58,3146.9,238.9636,2026-01-05 00:24:59.999,751725.75430300,3306,139.55480000,438998.17257300,0
2026-01-05 00:25:00,3146.91,3148.82,3146.9,3146.9,233.8544,2026-01-05 00:25:59.999,736156.68560700,4375,141.48270000,445371.36831300,0
2026-01-05 00:26:00,3146.91,3149.41,3145.75,3148.6,303.9153,2026-01-05 00:26:59.999,956731.12662700,3759,172.43060000,542822.43762500,0
2026-01-05 00:27:00,3148.6,3152.08,3148.6,3151.51,107.5631,2026-01-05 00:27:59.999,338841.69703800,4299,54.14350000,170563.95294700,0
2026-01-05 00:28:00,3151.51,3152.82,3149.42,3150.74,196.3628,2026-01-05 00:28:59.999,618720.73025900,4065,74.45670000,234605.65729800,0
2026-01-05 00:29:00,3150.73,3153.58,3150.73,3152.3,205.4882,2026-01-05 00:29:59.999,647767.97316000,3209,154.38340000,486643.29912000,0
2026-01-05 00:30:00,3152.3,3152.3,3148.25,3149.16,182.1588,2026-01-05 00:30:59.999,573862.45997400,4131,51.28530000,161550.99635000,0
2026-01-05 00:31:00,3149.16,3149.75,3148.04,3148.05,107.9507,2026-01-05 00:31:59.999,339887.49952900,2517,24.50290000,77151.12812100,0
2026-01-05 00:32:00,3148.04,3148.05,3145.0,3147.12,229.3517,2026-01-05 00:32:59.999,721612.98776900,3011,72.24110000,227307.50919000,0
2026-01-05 00:33:00,3147.12,3147.35,3145.35,3146.5,78.4059,2026-01-05 00:33:59.999,246705.16801400,2469,14.09330000,44338.08049600,0
2026-01-05 00:34:00,3146.51,3148.26,3143.7,3148.26,405.437,2026-01-05 00:34:59.999,1275439.86919500,3716,116.71320000,367117.36438300,0
2026-01-05 00:35:00,3148.25,3149.59,3148.25,3149.5,64.6372,2026-01-05 00:35:59.999,203540.16586600,2659,44.20960000,139211.14201000,0
2026-01-05 00:36:00,3149.49,3150.23,3148.76,3148.77,103.6653,2026-01-05 00:36:59.999,326500.60935800,1848,23.31150000,73424.21699500,0
2026-01-05 00:37:00,3148.77,3150.9,3147.11,3148.26,107.8314,2026-01-05 00:37:59.999,339524.16766900,3617,48.62910000,153123.16513100,0
2026-01-05 00:38:00,3148.26,3151.08,3148.26,3149.94,240.6931,2026-01-05 00:38:59.999,758080.16296200,2446,191.26950000,602396.91397400,0
2026-01-05 00:39:00,3149.94,3150.64,3147.87,3150.07,172.596,2026-01-05 00:39:59.999,543556.36933900,3002,59.08810000,186091.36705800,0
2026-01-05 00:40:00,3150.08,3150.85,3149.31,3150.85,56.1557,2026-01-05 00:40:59.999,176899.64181300,1782,23.81580000,75021.15798200,0
2026-01-05 00:41:00,3150.86,3151.77,3148.0,3151.76,140.2683,2026-01-05 00:41:59.999,441842.12118100,3569,37.14780000,117031.73596400,0
2026-01-05 00:42:00,3151.77,3153.66,3151.2,3152.84,157.0774,2026-01-05 00:42:59.999,495220.15102800,2651,86.34320000,272175.31120100,0
2026-01-05 00:43:00,3152.83,3153.79,3152.68,3153.03,68.1337,2026-01-05 00:43:59.999,214845.84186500,1924,37.78590000,119147.18638300,0
2026-01-05 00:44:00,3153.15,3155.81,3153.15,3155.28,184.9019,2026-01-05 00:44:59.999,583314.48198700,2493,140.84220000,444305.29644400,0
2026-01-05 00:45:00,3155.28,3160.82,3154.79,3155.46,544.662,2026-01-05 00:45:59.999,1719874.95219700,7243,342.52120000,1081672.09406300,0
2026-01-05 00:46:00,3155.45,3157.62,3152.89,3157.23,105.8626,2026-01-05 00:46:59.999,334065.78420100,3584,50.70870000,160017.19023900,0
2026-01-05 00:47:00,3157.23,3159.15,3156.35,3158.25,574.288,2026-01-05 00:47:59.999,1813123.29847300,3428,471.23710000,1487753.94217300,0
2026-01-05 00:48:00,3158.24,3162.0,3157.51,3161.98,1201.4998,2026-01-05 00:48:59.999,3796714.88101000,5412,691.99420000,2186402.26358500,0
2026-01-05 00:49:00,3161.98,3175.32,3161.02,3167.38,3755.9555,2026-01-05 00:49:59.999,11908702.90652600,16047,2236.06140000,7087337.48350400,0
2026-01-05 00:50:00,3167.39,3171.99,3167.0,3168.99,673.0263,2026-01-05 00:50:59.999,2133396.36483700,7709,441.66320000,1400014.42267200,0
2026-01-05 00:51:00,3169.0,3170.78,3163.05,3165.41,468.2528,2026-01-05 00:51:59.999,1482593.44707600,8362,141.86110000,449250.06057800,0
2026-01-05 00:52:00,3165.4,3165.54,3162.3,3163.8,333.3867,2026-01-05 00:52:59.999,1054668.86286800,5242,133.61080000,422686.89943200,0
2026-01-05 00:53:00,3163.8,3170.89,3163.16,3169.88,424.1469,2026-01-05 00:53:59.999,1343230.48124000,5969,298.55420000,945466.26324600,0
2026-01-05 00:54:00,3169.88,3170.77,3163.44,3165.57,228.7193,2026-01-05 00:54:59.999,724248.12266200,5968,73.57700000,232959.54458400,0
2026-01-05 00:55:00,3165.57,3166.0,3162.14,3166.0,271.643,2026-01-05 00:55:59.999,859466.27675900,4334,106.82100000,337970.26904500,0
2026-01-05 00:56:00,3165.99,3168.88,3165.99,3166.82,241.2135,2026-01-05 00:56:59.999,764030.88793100,4270,115.45950000,365704.28044500,0
2026-01-05 00:57:00,3166.82,3172.72,3166.0,3171.44,355.5754,2026-01-05 00:57:59.999,1126960.28633100,4816,281.93840000,893663.19073800,0
2026-01-05 00:58:00,3171.44,3171.7,3167.66,3169.0,303.1147,2026-01-05 00:58:59.999,960936.56657600,4474,152.41300000,483205.40242700,0
2026-01-05 00:59:00,3169.01,3169.6,3165.77,3168.19,568.5738,2026-01-05 00:59:59.999,1801027.12545200,3953,142.94580000,452885.37938300,0
2026-01-05 01:00:00,3168.2,3171.0,3164.09,3166.25,545.5854,2026-01-05 01:00:59.999,1727534.19490900,7046,140.14320000,443892.98579100,0
2026-01-05 01:01:00,3166.25,3167.64,3163.12,3165.51,277.3381,2026-01-05 01:01:59.999,877642.25988300,5237,87.90060000,278178.62274500,0
2026-01-05 01:02:00,3165.51,3169.86,3165.05,3169.49,510.2233,2026-01-05 01:02:59.999,1616105.28642800,5770,191.05810000,605237.34643500,0
2026-01-05 01:03:00,3169.48,3170.45,3166.71,3167.61,204.3974,2026-01-05 01:03:59.999,647488.79497700,2073,59.46600000,188380.80873100,0
